sourceCode,sourceName,sourceFrequency,sourceAutoAssignedConceptIds,matchScore,mappingStatus,equivalence,statusSetBy,statusSetOn,conceptId,conceptName,domainId,mappingType,comment,createdBy,createdOn,assignedReviewer
1000080,K-Cl conc,-1,,0.41,APPROVED,EQUIVALENT,Finn Fassbender,1744823743865,19049105,potassium chloride,Drug,MAPS_TO,,Finn Fassbender,1744823743372,
1000394,Phoscap Phosphat-Kps,-1,,0.33,UNCHECKED,UNREVIEWED,,0,0,Unmapped,,MAPS_TO,,,0,
1000410,Nozinan Inj Lsg,-1,,0.41,APPROVED,EQUAL,Finn Fassbender,1741022159238,35774699,Methotrimeprazine Injectable Solution [Nozinan],Drug,MAPS_TO,,Finn Fassbender,1741022155641,
1000508,Bactrim Inf Lsg,-1,,0.28,APPROVED,EQUAL,Finn Fassbender,1741019269664,40081376,sulfamethoxazole / trimethoprim Injectable Solution [Bactrim],Drug,MAPS_TO,,Finn Fassbender,1741019269003,
1000170,Trace elements,-1,,0.55,UNCHECKED,UNREVIEWED,,0,0,Unmapped,,MAPS_TO,,,0,
1000568,K-Cl-Perfusor,-1,,0.30,APPROVED,EQUIVALENT,Finn Fassbender,1744823750828,19049105,potassium chloride,Drug,MAPS_TO,,Finn Fassbender,1744823750357,
1000610,Viagra Tbl. 50 mg,-1,,0.40,APPROVED,EQUAL,Finn Fassbender,1741022400391,19047693,sildenafil 50 MG Oral Tablet [Viagra],Drug,MAPS_TO,,<auto>,1741014557340,
1000348,Myambutol 400 mg/4ml,-1,,0.58,APPROVED,EQUAL,Finn Fassbender,1741017139328,43788889,4 ML Ethambutol 100 MG/ML Injectable Solution [Myambutol],Drug,MAPS_TO,,Finn Fassbender,1741017137346,
252,Dormicum Perfusor 5 mg/ml,-1,,0.37,APPROVED,EQUAL,Finn Fassbender,1741019885959,41203487,Midazolam 5 MG/ML [Dormicum],Drug,MAPS_TO,,<auto>,1741014558045,
153,Euthyrox tabl 0.1 mg,-1,,0.73,APPROVED,EQUAL,Finn Fassbender,1741016051713,40174940,levothyroxine sodium 0.1 MG Oral Tablet [Euthyrox],Drug,MAPS_TO,,Finn Fassbender,1741016050884,
1000894,Ciproxin Infusion 400 mg,-1,,0.62,APPROVED,EQUAL,Finn Fassbender,1741016612531,21098863,200 ML Ciprofloxacin 2 MG/ML Injection [Ciproxin Infusion],Drug,MAPS_TO,,Finn Fassbender,1741016611749,
1000507,Bactrim forte Lacktbl,-1,,0.28,APPROVED,EQUAL,Finn Fassbender,1741019259552,40081391,sulfamethoxazole / trimethoprim Oral Tablet [Bactrim],Drug,MAPS_TO,,Finn Fassbender,1741019259117,
275,Dafalgan tabl 500 mg,-1,,0.63,APPROVED,EQUAL,Finn Fassbender,1741016586671,43168280,Acetaminophen 500 MG Oral Tablet [DAFALGAN],Drug,MAPS_TO,,<auto>,1741014558407,
1000569,K-Phosphat Perfusor,-1,,0.48,APPROVED,EQUIVALENT,Finn Fassbender,1744823812807,40101380,potassium phosphate Injectable Solution,Drug,MAPS_TO,,Finn Fassbender,1744823812354,
1000837,Piperacillin-Tazobactam 2.25 Inj Lsg,-1,,0.53,APPROVED,EQUAL,Finn Fassbender,1741017977220,46275427,piperacillin 2000 MG / tazobactam 250 MG Injection,Drug,MAPS_TO,,<auto>,1741014558554,
1000409,Nozinan Tbl 25 mg,-1,,0.42,APPROVED,EQUAL,Finn Fassbender,1741022165255,21106137,Methotrimeprazine 25 MG Oral Tablet [Nozinan],Drug,MAPS_TO,,Finn Fassbender,1741022163961,
1000551,Mycostatin Susp,-1,,0.64,APPROVED,EQUAL,Finn Fassbender,1741016400424,40068150,nystatin Oral Suspension [Mycostatin],Drug,MAPS_TO,,Finn Fassbender,1741016399763,
1000383,Solu Cortef Inj Lsg 100 mg/ 2 ml,-1,,0.34,UNCHECKED,UNREVIEWED,,0,0,Unmapped,,MAPS_TO,,,0,
1000537,Beco 5 Inj Lsg,-1,,0.27,UNCHECKED,UNREVIEWED,,0,0,Unmapped,,MAPS_TO,,,0,
1000082,K-Pi conc,-1,,0.35,UNCHECKED,UNREVIEWED,,0,0,Unmapped,,MAPS_TO,,,0,
1001089,Tracleer Tabl 62.5 mg,-1,,0.80,APPROVED,EQUAL,Finn Fassbender,1741015755949,19098352,bosentan 62.5 MG Oral Tablet [Tracleer],Drug,MAPS_TO,,<auto>,1741014559142,
1000335,Vibravenös Inj Lsg 100 mg 5 ml,-1,,0.20,APPROVED,EQUAL,Finn Fassbender,1741022460009,41356285,5 ML Doxycycline 20 MG/ML Prefilled Syringe [Vibravenoes],Drug,MAPS_TO,,Finn Fassbender,1741022459460,
1001051,Dormicum Perfusor 5mg/ml,-1,,0.26,APPROVED,EQUAL,Finn Fassbender,1741019885667,41203487,Midazolam 5 MG/ML [Dormicum],Drug,MAPS_TO,,<auto>,1741014559662,
1000193,Na- Bicarbonat 8.4%,-1,,0.34,APPROVED,EQUAL,Finn Fassbender,1741021685134,1593939,sodium bicarbonate 84 MG/ML,Drug,MAPS_TO,,Finn Fassbender,1741021683379,
1000829,Dalacin C 600 Phosphat Amp.,-1,,0.42,APPROVED,EQUAL,Finn Fassbender,1741023019268,35154887,Clindamycin 600 MG Injectable Solution [Dalacin],Drug,MAPS_TO,,Finn Fassbender,1741023018195,
1000315,Ciproxin Tbl 250 mg,-1,,0.57,APPROVED,EQUAL,Finn Fassbender,1741017430587,19006832,ciprofloxacin 250 MG Oral Tablet [Ciproxin],Drug,MAPS_TO,,<auto>,1741014560536,
1000740,Becotal Inj Lsg,-1,,0.28,UNCHECKED,UNREVIEWED,,0,0,Unmapped,,MAPS_TO,,,0,
1000433,Solu Medrol 125 mg,-1,,0.46,APPROVED,EQUIVALENT,Finn Fassbender,1741024796783,44079995,Methylprednisolone 125 MG [Solumedrol],Drug,MAPS_TO,,Finn Fassbender,1741024794409,
1000398,KCL Retard Zyma Drag,-1,,0.71,APPROVED,EQUAL,Finn Fassbender,1741016122727,40825124,Potassium Oral Tablet [Kcl Retard Zyma],Drug,MAPS_TO,,<auto>,1741014560764,
1000571,Na-Bicarbonat 1.4%,-1,,0.35,APPROVED,EQUAL,Finn Fassbender,1741021597123,40226284,sodium bicarbonate 0.167 MEQ/ML Injectable Solution,Drug,MAPS_TO,,Finn Fassbender,1741021596239,
1000822,Tracrium Perfusor,-1,,0.39,APPROVED,EQUAL,Finn Fassbender,1741020463026,40010924,atracurium Injectable Solution [Tracrium],Drug,MAPS_TO,,Finn Fassbender,1741020462626,
1000201,Platelet transfusion,-1,,0.34,APPROVED,EQUAL,Finn Fassbender,1741023399933,36879118,human platelets,Drug,MAPS_TO,,Finn Fassbender,1741023395353,
1000692,Fentanyl Bolus inj 50 µg/ml,-1,,0.34,APPROVED,EQUAL,Finn Fassbender,1741020057871,44785661,fentanyl 50 MG/ML,Drug,MAPS_TO,,<auto>,1741014560994,
1000902,Dormicum Tbl 7.5 mg,-1,,0.52,APPROVED,EQUAL,Finn Fassbender,1741018097900,21121015,Midazolam 7.5 MG Oral Tablet [Dormicum],Drug,MAPS_TO,,Finn Fassbender,1741018097382,
1001056,Vimpat Tbl. 50 mg,-1,,0.44,APPROVED,EQUAL,Finn Fassbender,1741024094835,19132861,lacosamide 50 MG Oral Tablet [Vimpat],Drug,MAPS_TO,,<auto>,1741014561109,
1000558,Nutriflex lipid spez 1250ml,-1,,0.31,UNCHECKED,UNREVIEWED,,0,0,Unmapped,,MAPS_TO,,,0,
1000538,Becozym forte Drag,-1,,0.34,UNCHECKED,UNREVIEWED,,0,0,Unmapped,,MAPS_TO,,,0,
1000741,Fentanyl Perf,-1,,0.76,APPROVED,EQUAL,Finn Fassbender,1741015785270,1154029,fentanyl,Drug,MAPS_TO,,<auto>,1741014561809,
1000320,Dalacin C Kps 300 mg,-1,,0.27,APPROVED,EQUAL,Finn Fassbender,1741023036044,41129017,Clindamycin 300 MG Oral Capsule [Dalacin],Drug,MAPS_TO,,Finn Fassbender,1741023030719,
1000453,Na-Bicarbonat Inf Lsg 8.4%,-1,,0.26,APPROVED,EQUAL,Finn Fassbender,1741021709487,1593939,sodium bicarbonate 84 MG/ML,Drug,MAPS_TO,,Finn Fassbender,1741021708737,
1000329,Voltaren Drg 50,-1,,0.44,APPROVED,EQUAL,Finn Fassbender,1741022720265,40162347,diclofenac sodium 50 MG Delayed Release Oral Tablet [Voltaren],Drug,MAPS_TO,,Finn Fassbender,1741022719590,
1000431,Solu Medrol Stechamp 1g,-1,,0.29,APPROVED,EQUAL,Finn Fassbender,1741020502135,35606544,methylprednisolone 1000 MG Injection [Solu-Medrol],Drug,MAPS_TO,,Finn Fassbender,1741020501017,
1000893,Ciproxin Tbl 500 mg,-1,,0.54,APPROVED,EQUAL,Finn Fassbender,1741017907392,19006833,ciprofloxacin 500 MG Oral Tablet [Ciproxin],Drug,MAPS_TO,,<auto>,1741014562492,
1000436,Beloc Inj Lsg,-1,,0.25,APPROVED,EQUAL,Finn Fassbender,1741019309085,40987776,Metoprolol Injectable Solution [Beloc],Drug,MAPS_TO,,Finn Fassbender,1741019308223,
1001063,KCL ret. Hausmann Drg 10mmol (745mg),-1,,0.19,APPROVED,EQUIVALENT,Finn Fassbender,1744823796220,19049684,potassium chloride 10 MEQ Extended Release Oral Tablet,Drug,MAPS_TO,,Finn Fassbender,1744823795628,
1000245,Platelet transfusion,-1,,0.34,APPROVED,EQUAL,Finn Fassbender,1741023399933,36879118,human platelets,Drug,MAPS_TO,,Finn Fassbender,1741023395354,
251,Dormicum inj 1 mg/ml,-1,,0.36,APPROVED,EQUAL,Finn Fassbender,1741019885525,41109555,Midazolam 1 MG/ML [Dormicum],Drug,MAPS_TO,,<auto>,1741014563105,
1000729,Na-Posph conc,-1,,0.26,APPROVED,EQUAL,Finn Fassbender,1741021806774,939871,sodium phosphate,Drug,MAPS_TO,,Finn Fassbender,1741021806181,
199,Tracrium inj 10 mg/ml,-1,,0.47,APPROVED,EQUAL,Finn Fassbender,1741020401441,40173645,atracurium besylate 10 MG/ML Injectable Solution [Tracrium],Drug,MAPS_TO,,<auto>,1741014563215,
1000809,Voltaren Inf Lsg,-1,,0.38,APPROVED,EQUAL,Finn Fassbender,1741022733120,41145071,Diclofenac Injectable Solution [Voltaren],Drug,MAPS_TO,,Finn Fassbender,1741022731524,
1000251,Fentanyl inj 50 µg/ml,-1,,0.35,APPROVED,EQUAL,Finn Fassbender,1741020058175,44785661,fentanyl 50 MG/ML,Drug,MAPS_TO,,<auto>,1741014563468,
1000758,Beloc Perfusor,-1,,0.27,APPROVED,EQUAL,Finn Fassbender,1741019325768,40987776,Metoprolol Injectable Solution [Beloc],Drug,MAPS_TO,,Finn Fassbender,1741019324573,
1000559,Nutriflex lipid spez 1875ml,-1,,0.27,UNCHECKED,UNREVIEWED,,0,0,Unmapped,,MAPS_TO,,,0,
1000546,NaCl 2.5%,-1,,0.43,APPROVED,EQUAL,Finn Fassbender,1741021776500,21103598,Sodium Chloride 25 MG/ML,Drug,MAPS_TO,,Finn Fassbender,1741021774152,
1001002,Citalopram Tbl 20mg,-1,,0.44,APPROVED,EQUAL,Finn Fassbender,1741019623919,19023636,citalopram 20 MG Oral Tablet,Drug,MAPS_TO,,Finn Fassbender,1741019623431,
1000621,Fentanyl-PCA-Lösung,-1,,0.30,APPROVED,EQUAL,Finn Fassbender,1741020059525,1154029,fentanyl,Drug,MAPS_TO,,<auto>,1741014564244,
1000321,Dalacin C Phosphat Inj Lsg 300 mg,-1,,0.33,APPROVED,EQUAL,Finn Fassbender,1741023042202,35154085,Clindamycin 300 MG Injectable Solution [Dalacin],Drug,MAPS_TO,,Finn Fassbender,1741023041774,
1000324,Plavix Tbl 75 mg,-1,,0.54,APPROVED,EQUAL,Finn Fassbender,1741017919252,1322185,clopidogrel 75 MG Oral Tablet [Plavix],Drug,MAPS_TO,,<auto>,1741014564388,
1000859,Voltaren Tbl. à 75mg,-1,,0.25,APPROVED,EQUAL,Finn Fassbender,1741022738878,40162360,diclofenac sodium 75 MG Delayed Release Oral Tablet [Voltaren],Drug,MAPS_TO,,Finn Fassbender,1741022738081,
1000432,Solu Medrol Stechampullen 2g,-1,,0.39,APPROVED,EQUAL,Finn Fassbender,1741020524397,42901998,methylprednisolone 2000 MG Injection [Solu-Medrol],Drug,MAPS_TO,,Finn Fassbender,1741020523838,
1000396,Kalium Chlorid 15% 10 ml,-1,,0.34,APPROVED,EQUAL,Finn Fassbender,1744823295493,21156935,10 ML Potassium Chloride 150 MG/ML Injection,Drug,MAPS_TO,,Finn Fassbender,1744823294717,
1000090,NaCl conc Amp 14.5%,-1,,0.38,APPROVED,EQUAL,Finn Fassbender,1741021794347,40221373,sodium chloride 146 MG/ML,Drug,MAPS_TO,,Finn Fassbender,1741021793226,
1000273,Clamoxyl Inj Lsg,-1,,0.32,APPROVED,EQUAL,Finn Fassbender,1741020807419,41114247,Amoxicillin Injectable Solution [CLAMOXYL],Drug,MAPS_TO,,Finn Fassbender,1741020804472,
1001075,Doxyclin Tbl 100 mg,-1,,0.53,APPROVED,EQUAL,Finn Fassbender,1741018009412,46233711,doxycycline hyclate 100 MG Oral Tablet,Drug,MAPS_TO,,Finn Fassbender,1741018008846,
1001046,Tramal Amp. 100 mg,-1,,0.26,APPROVED,EQUAL,Finn Fassbender,1741020326671,35152291,Tramadol 100 MG Injectable Solution [Tramal],Drug,MAPS_TO,,Finn Fassbender,1741020326187,
1000440,Beloc ZOK ret Tbl 25 mg,-1,,0.36,APPROVED,EQUAL,Finn Fassbender,1741019362765,43783592,Metoprolol 25 MG Extended Release Oral Tablet [Beloc-Zok],Drug,MAPS_TO,,Finn Fassbender,1741019362241,
1000452,Narcan Inj Lsg,-1,,0.31,APPROVED,EQUAL,Finn Fassbender,1741021818896,40063502,naloxone Injectable Solution [Narcan],Drug,MAPS_TO,,Finn Fassbender,1741021818380,
1000393,Kalium Effervetten,-1,,0.55,APPROVED,EQUAL,Finn Fassbender,1741017796051,44817979,potassium bicarbonate Effervescent Oral Tablet,Drug,MAPS_TO,,Finn Fassbender,1741017794678,
1000437,Flagyl Tbl 500 mg,-1,,0.71,APPROVED,EQUAL,Finn Fassbender,1741016128282,19035115,metronidazole 500 MG Oral Tablet [Flagyl],Drug,MAPS_TO,,<auto>,1741014565852,
1000694,Nutriflex lipid spezial oE,-1,,0.35,UNCHECKED,UNREVIEWED,,0,0,Unmapped,,MAPS_TO,,,0,
1000601,Clamoxyl Inj Lsg 2g,-1,,0.26,APPROVED,EQUAL,Finn Fassbender,1741020817570,41131188,Amoxicillin 2000 MG Injectable Solution [CLAMOXYL],Drug,MAPS_TO,,Finn Fassbender,1741020816820,
1000435,Solumedrol 40 mg,-1,,0.58,APPROVED,EQUAL,Finn Fassbender,1741017117045,19034805,methylprednisolone 40 MG Injection [Solu-Medrol],Drug,MAPS_TO,,Finn Fassbender,1741017116333,
1001138,Voriconazol Filmtbl 50 mg,-1,,0.51,APPROVED,EQUAL,Finn Fassbender,1741018270866,1714279,voriconazole 50 MG Oral Tablet,Drug,MAPS_TO,,Finn Fassbender,1741018270358,
1000395,Kalium Phosphat,-1,,0.72,APPROVED,EQUIVALENT,Finn Fassbender,1744823832061,19027362,potassium phosphate,Drug,MAPS_TO,,Finn Fassbender,1744823831524,
1000768,Durogesic Matrix 12 ug/h,-1,,0.37,APPROVED,EQUAL,Finn Fassbender,1741023283732,43277523,Fentanyl 0.012 MG/HR Transdermal System [Durogesic],Drug,MAPS_TO,,Finn Fassbender,1741023283000,
142,Minirin inj,-1,,0.52,APPROVED,EQUAL,Finn Fassbender,1741018201585,43515492,desmopressin Injection [Minirin],Drug,MAPS_TO,,<auto>,1741014566788,
1000984,Tramal Kps 50 mg,-1,,0.29,APPROVED,EQUAL,Finn Fassbender,1741020350099,43295780,Tramadol 50 MG Oral Capsule [Tramal],Drug,MAPS_TO,,Finn Fassbender,1741020348956,
1000322,Dalacin Phosphat Inj Lsg 600 mg,-1,,0.36,APPROVED,EQUAL,Finn Fassbender,1741023053124,35154887,Clindamycin 600 MG Injectable Solution [Dalacin],Drug,MAPS_TO,,Finn Fassbender,1741023052711,
1000439,Beloc ZOK ret Tbl 50 mg,-1,,0.30,APPROVED,EQUAL,Finn Fassbender,1741019368798,43747486,Metoprolol 50 MG Extended Release Oral Tablet [Beloc-Zok],Drug,MAPS_TO,,Finn Fassbender,1741019368328,
151,Prednisolone tabl 20 mg,-1,,0.80,APPROVED,EQUAL,Finn Fassbender,1741015760200,19106652,prednisolone 20 MG Oral Tablet,Drug,MAPS_TO,,Finn Fassbender,1741015759618,
1000599,Florinef Tbl 0.1mg,-1,,0.23,UNCHECKED,UNREVIEWED,,0,0,Unmapped,,MAPS_TO,,,0,
1000350,Durogesic TTS 25 ug,-1,,0.40,APPROVED,EQUAL,Finn Fassbender,1741023313417,21042677,Fentanyl 0.025 MG/HR Transdermal System [Durogesic],Drug,MAPS_TO,,Finn Fassbender,1741023312552,
1000863,Clexane 0.2 ml s/c,-1,,0.37,APPROVED,EQUAL,Finn Fassbender,1741019632784,43264758,0.2 ML Enoxaparin 100 MG/ML Injection [Clexane],Drug,MAPS_TO,,<auto>,1741014568161,
1000644,Dequonal Gurgellösung,-1,,0.34,APPROVED,EQUAL,Finn Fassbender,1741023140349,43672632,Benzalkonium / Dequalinium Oral Solution [Dequonal],Drug,MAPS_TO,,Finn Fassbender,1741023138998,
1000434,Solumedrol 500 mg,-1,,0.51,APPROVED,EQUAL,Finn Fassbender,1741018492080,35606540,methylprednisolone 500 MG Injection [Solu-Medrol],Drug,MAPS_TO,,<auto>,1741014568316,
1000812,Augmentin 2.2 Inf Lsg,-1,,0.37,APPROVED,EQUAL,Finn Fassbender,1741019164609,783199,Amoxicillin 2000 MG / Clavulanate 200 MG Injectable Solution [Augmentin],Drug,MAPS_TO,,Finn Fassbender,1741019164052,
1000352,Floxapen Inj Lsg,-1,,0.38,APPROVED,EQUAL,Finn Fassbender,1741021153012,40040317,floxacillin Injectable Solution [Floxapen],Drug,MAPS_TO,,Finn Fassbender,1741021152560,
1001042,Intratect10% Inf Lsg 10 g/100ml,-1,,0.17,APPROVED,EQUAL,Finn Fassbender,1741024491975,41422050,100 ML Immunoglobulin G 100 MG/ML Injectable Solution [Intratect],Drug,MAPS_TO,,Finn Fassbender,1741024395197,
1000351,Durogesic TTS 50 ug,-1,,0.41,APPROVED,EQUAL,Finn Fassbender,1741023323842,21062262,Fentanyl 0.05 MG/HR Transdermal System [Durogesic],Drug,MAPS_TO,,Finn Fassbender,1741023323195,
1000561,Nutriflex spez 1000 ml; ohne Fett,-1,,0.32,UNCHECKED,UNREVIEWED,,0,0,Unmapped,,MAPS_TO,,,0,
1000486,Prednison Tbl 20 mg,-1,,0.59,APPROVED,EQUAL,Finn Fassbender,1741017030729,1551170,prednisone 20 MG Oral Tablet,Drug,MAPS_TO,,Finn Fassbender,1741017030031,
1001049,Dexdor Inf. Lsg,-1,,0.40,APPROVED,EQUAL,Finn Fassbender,1741023149719,41019511,Dexmedetomidine Injectable Solution [Dexdor],Drug,MAPS_TO,,Finn Fassbender,1741023149112,
1001140,Voriconazol Inf Lsg 200 mg/ 20 ml,-1,,0.47,APPROVED,EQUAL,Finn Fassbender,1741022754456,588231,20 ML voriconazole 10 MG/ML Injection,Drug,MAPS_TO,,Finn Fassbender,1741022753965,
1000993,Sorbidilat Kps 40mg,-1,,0.28,UNCHECKED,UNREVIEWED,,0,0,Unmapped,,MAPS_TO,,,0,
1000985,Tramal Retard  Tbl. 100 mg,-1,,0.23,APPROVED,EQUAL,Finn Fassbender,1741020366358,40964095,Tramadol 100 MG Oral Tablet [Tramal],Drug,MAPS_TO,,Finn Fassbender,1741020365825,
1001083,Moduretic mite Tabl 2.5 mg/25 mg,-1,,0.49,APPROVED,EQUAL,Finn Fassbender,1741018804600,41193962,Amiloride 2.5 MG / Hydrochlorothiazide 25 MG Oral Tablet [Moduretik],Drug,MAPS_TO,,Finn Fassbender,1741018800163,
1000670,Floxapen Inj Lsg 2g,-1,,0.32,APPROVED,EQUAL,Finn Fassbender,1741021161796,42657513,Floxacillin 2000 MG Injectable Solution [Floxapen],Drug,MAPS_TO,,Finn Fassbender,1741021160687,
1000864,Clexane 0.4 ml s/c,-1,,0.39,APPROVED,EQUAL,Finn Fassbender,1741019632804,43281164,0.4 ML Enoxaparin 100 MG/ML Injection [Clexane],Drug,MAPS_TO,,<auto>,1741014569899,
1000781,Augmentin AD Tbl 1 g,-1,,0.37,APPROVED,EQUAL,Finn Fassbender,1741019127832,19133023,amoxicillin 875 MG / clavulanate 125 MG Oral Tablet [Augmentin],Drug,MAPS_TO,,Finn Fassbender,1741019123007,
1000847,Dexdor Inf. Lsg,-1,,0.40,APPROVED,EQUAL,Finn Fassbender,1741023153794,41019511,Dexmedetomidine Injectable Solution [Dexdor],Drug,MAPS_TO,,Finn Fassbender,1741023153195,
1000560,Nutriflex spez 1000ml -F; - E,-1,,0.25,UNCHECKED,UNREVIEWED,,0,0,Unmapped,,MAPS_TO,,,0,
1000627,Durogesic TTS Matrix 100 ug,-1,,0.41,APPROVED,EQUAL,Finn Fassbender,1741023333374,21023024,Fentanyl 0.1 MG/HR Transdermal System [Durogesic],Drug,MAPS_TO,,Finn Fassbender,1741023332128,
1000487,Prednison Tbl 5 mg,-1,,0.58,APPROVED,EQUAL,Finn Fassbender,1741017149691,1551192,prednisone 5 MG Oral Tablet,Drug,MAPS_TO,,Finn Fassbender,1741017149159,
1001043,Intratect10% Inf Lsg 20 g/200ml,-1,,0.17,APPROVED,EQUAL,Finn Fassbender,1741024491975,41432791,200 ML Immunoglobulin G 100 MG/ML Injectable Solution [Intratect],Drug,MAPS_TO,,Finn Fassbender,1741024410358,
1001079,Xifaxan Tabl 550 mg,-1,,0.87,APPROVED,EQUAL,Finn Fassbender,1741015680266,40163818,rifaximin 550 MG Oral Tablet [XIFAXAN],Drug,MAPS_TO,,<auto>,1741014571316,
1000342,Enatec Tbl 20 mg,-1,,0.33,APPROVED,EQUAL,Finn Fassbender,1741021048475,40165773,enalapril maleate 20 MG Oral Tablet,Drug,MAPS_TO,,Finn Fassbender,1741021047965,
1000549,Augmentin Inj 2.2g,-1,,0.32,APPROVED,EQUAL,Finn Fassbender,1741019178586,36273533,Amoxicillin 2000 MG / Clavulanate 200 MG Injection [Augmentin],Drug,MAPS_TO,,Finn Fassbender,1741019178135,
1000895,Clexane 0.6 ml s/c,-1,,0.41,APPROVED,EQUAL,Finn Fassbender,1741019632816,43292080,0.6 ML Enoxaparin 100 MG/ML Injection [Clexane],Drug,MAPS_TO,,<auto>,1741014571602,
138,Sotalex Tabl 80 mg,-1,,0.62,APPROVED,EQUAL,Finn Fassbender,1741016594223,43207131,Sotalol 80 MG Oral Tablet [SOTALEX],Drug,MAPS_TO,,Finn Fassbender,1741016593252,
1000524,Dyrenium comp. Kps,-1,,0.43,APPROVED,EQUAL,Finn Fassbender,1741023346167,40085908,triamterene Oral Capsule [Dyrenium],Drug,MAPS_TO,,Finn Fassbender,1741023345461,
1000787,Moduretic mite Tabl 50/2.5,-1,,0.41,APPROVED,EQUIVALENT,Finn Fassbender,1744824123827,40881625,Amiloride 5 MG / Hydrochlorothiazide 50 MG Oral Tablet [Moduretik],Drug,MAPS_TO,,Finn Fassbender,1744824120280,
1000519,Obracin 80 mg,-1,,0.74,APPROVED,EQUAL,Finn Fassbender,1741015975038,36278235,2 ML Tobramycin 40 MG/ML Injectable Solution [Obracin],Drug,MAPS_TO,,Finn Fassbender,1741015973018,
1000254,Diamox Tbl 250 mg,-1,,0.46,APPROVED,EQUAL,Finn Fassbender,1741023261282,19026107,acetazolamide 250 MG Oral Tablet [Diamox],Drug,MAPS_TO,,Finn Fassbender,1741023260788,
1000523,Tramal Trpf 100 mg/ml,-1,,0.30,APPROVED,EQUAL,Finn Fassbender,1741020394180,43855067,Tramadol 100 MG/ML Oral Solution [Tramal],Drug,MAPS_TO,,Finn Fassbender,1741020393325,
1000488,Prednison Tbl 50 mg,-1,,0.58,APPROVED,EQUAL,Finn Fassbender,1741017108934,1551123,prednisone 50 MG Oral Tablet,Drug,MAPS_TO,,Finn Fassbender,1741017106750,
1000615,Xyzal Tbl. 5 mg,-1,,0.44,APPROVED,EQUAL,Finn Fassbender,1741022765520,36933014,levocetirizine 5 MG Oral Tablet [Xyzal],Drug,MAPS_TO,,Finn Fassbender,1741022763487,
1000376,Octagam Inf Lsg,-1,,0.42,APPROVED,EQUAL,Finn Fassbender,1744825559342,40220559,immunoglobulin G Injection [Octagam],Drug,MAPS_TO,,Finn Fassbender,1744825558647,
1000763,Ebrantil Inj Lsg,-1,,0.28,APPROVED,EQUAL,Finn Fassbender,1741023353999,41206240,urapidil Injectable Solution [Ebrantil],Drug,MAPS_TO,,Finn Fassbender,1741023353612,
1000343,Enatec Tbl 5 mg,-1,,0.29,APPROVED,EQUAL,Finn Fassbender,1741021053087,40165789,enalapril maleate 5 MG Oral Tablet,Drug,MAPS_TO,,Finn Fassbender,1741021051381,
1000659,Morphin HCL Perfusor,-1,,0.53,APPROVED,EQUAL,Finn Fassbender,1741017963111,1110410,morphine,Drug,MAPS_TO,,Finn Fassbender,1741017962282,
1000991,Stilnox Tbl 10mg,-1,,0.41,UNCHECKED,UNREVIEWED,,0,0,Unmapped,,MAPS_TO,,,0,
1000828,Trandate Perfusor,-1,,0.42,APPROVED,EQUAL,Finn Fassbender,1741022506751,40049674,labetalol Injectable Solution [Trandate],Drug,MAPS_TO,,Finn Fassbender,1741022506078,
1000865,Clexane 0.8 ml s/c,-1,,0.41,APPROVED,EQUAL,Finn Fassbender,1741019632823,43286714,0.8 ML Enoxaparin 100 MG/ML Injection [Clexane],Drug,MAPS_TO,,<auto>,1741014573375,
1000272,Augmentin Tabl 625 mg,-1,,0.50,APPROVED,EQUAL,Finn Fassbender,1741018749886,1713694,amoxicillin 500 MG / clavulanate 125 MG Oral Tablet,Drug,MAPS_TO,,Finn Fassbender,1741018748999,
438,Diamox inj 500 mg/5ml,-1,,0.32,APPROVED,EQUAL,Finn Fassbender,1741023252900,36258296,Acetazolamide 500 MG Injection [Diamox],Drug,MAPS_TO,,Finn Fassbender,1741023252181,
1001025,Privigen 10g Inf Lsg,-1,,0.40,APPROVED,EQUAL,Finn Fassbender,1741020649920,40220572,"100 ML immunoglobulin G, human 100 MG/ML Injection [Privigen]",Drug,MAPS_TO,,Finn Fassbender,1741020649439,
1000534,Orfiril Inj Lösung,-1,,0.25,APPROVED,EQUAL,Finn Fassbender,1741023807807,43800779,Valproate Injectable Solution [Orfiril],Drug,MAPS_TO,,<auto>,1741014574033,
1000791,Erythrocin Inf Lsg,-1,,0.47,APPROVED,EQUAL,Finn Fassbender,1741021067847,35603131,erythromycin Injection [Erythrocin],Drug,MAPS_TO,,Finn Fassbender,1741021067388,
1000743,Intravenous blood transfusion of packed cells,-1,,0.43,UNCHECKED,UNREVIEWED,,0,0,Unmapped,,MAPS_TO,,,0,
1000260,Zentel Tbl 400 mg,-1,,0.38,APPROVED,EQUAL,Finn Fassbender,1741022775791,43147442,Albendazole 400 MG Oral Tablet [Zentel],Drug,MAPS_TO,,Finn Fassbender,1741022775191,
386,Trandate inj,-1,,0.68,APPROVED,EQUAL,Finn Fassbender,1741016197606,40049674,labetalol Injectable Solution [Trandate],Drug,MAPS_TO,,Finn Fassbender,1741016196616,
1001013,Ecalta Amp 100 mg,-1,,0.56,APPROVED,EQUAL,Finn Fassbender,1741017468625,21124543,anidulafungin 100 MG Injection [Ecalta],Drug,MAPS_TO,,Finn Fassbender,1741017468109,
1000932,Morphin HCl Lsg à 20mg/ml,-1,,0.32,APPROVED,EQUAL,Finn Fassbender,1741023504654,36880006,Morphine 20 MG/ML Injection,Drug,MAPS_TO,,Finn Fassbender,1741023503973,
1000533,Orfiril Sirup,-1,,0.46,APPROVED,EQUAL,Finn Fassbender,1741023807807,40831182,Valproate Oral Solution [Orfiril],Drug,MAPS_TO,,<auto>,1741014574974,
1000875,Seroquel Tbl 100 mg,-1,,0.70,APPROVED,EQUAL,Finn Fassbender,1741016169102,766816,quetiapine 100 MG Oral Tablet [Seroquel],Drug,MAPS_TO,,<auto>,1741014575056,
1001016,Clexane 1.0 ml s/c,-1,,0.31,APPROVED,EQUAL,Finn Fassbender,1741019659707,43296758,1 ML Enoxaparin 100 MG/ML Injection [Clexane],Drug,MAPS_TO,,Finn Fassbender,1741019659123,
1001026,Privigen 20g Inf Lsg,-1,,0.35,APPROVED,EQUAL,Finn Fassbender,1741020655473,40220574,"200 ML immunoglobulin G, human 100 MG/ML Injection [Privigen]",Drug,MAPS_TO,,Finn Fassbender,1741020654988,
246,Diazepam tabl 5 mg,-1,,0.73,APPROVED,EQUAL,Finn Fassbender,1741015980959,723042,diazepam 5 MG Oral Tablet,Drug,MAPS_TO,,Finn Fassbender,1741015980375,
1000854,Avalox Filmtbl 400 mg,-1,,0.27,APPROVED,EQUAL,Finn Fassbender,1741019187884,43624483,moxifloxacin 400 MG Oral Tablet [Avalox],Drug,MAPS_TO,,Finn Fassbender,1741019187205,
1000415,Zestril Tbl 5 mg,-1,,0.63,APPROVED,EQUAL,Finn Fassbender,1741016578559,19003830,lisinopril 5 MG Oral Tablet [Zestril],Drug,MAPS_TO,,<auto>,1741014575863,
1000782,Efexor Kps 75 mg,-1,,0.44,UNCHECKED,UNREVIEWED,,0,0,Unmapped,,MAPS_TO,,,0,
1000498,Esmeron Inj Lsg 50 mg,-1,,0.26,APPROVED,EQUIVALENT,Finn Fassbender,1741021099062,43269844,5 ML Rocuronium 10 MG/ML Injection [Esmeron],Drug,MAPS_TO,,Finn Fassbender,1741021098546,
1000874,Seroquel Tbl 25mg,-1,,0.53,APPROVED,EQUAL,Finn Fassbender,1741017980289,766815,quetiapine 25 MG Oral Tablet [Seroquel],Drug,MAPS_TO,,<auto>,1741014576317,
1000050,Transfusion of plasma (FFP),-1,,0.22,APPROVED,EQUAL,Finn Fassbender,1741022493014,36026940,human plasma preparation,Drug,MAPS_TO,,<auto>,1741014576428,
1000444,Morphin Trpf 1% 10mg/ml,-1,,0.31,APPROVED,EQUAL,Finn Fassbender,1741023521546,1111165,morphine 10 MG/ML,Drug,MAPS_TO,,Finn Fassbender,1741023520429,
1001024,Privigen 5g Inf Lsg,-1,,0.33,APPROVED,EQUAL,Finn Fassbender,1741020661130,40220575,"50 ML immunoglobulin G, human 100 MG/ML Injection [Privigen]",Drug,MAPS_TO,,Finn Fassbender,1741020659984,
1001170,Clindamycin Kps 300 mg,-1,,0.60,APPROVED,EQUAL,Finn Fassbender,1741016978328,997899,clindamycin 300 MG Oral Capsule,Drug,MAPS_TO,,Finn Fassbender,1741016977818,
1000305,Zinacef Amp 1.5 g,-1,,0.62,APPROVED,EQUAL,Finn Fassbender,1741016759806,46287417,cefuroxime 1500 MG Injection [Zinacef],Drug,MAPS_TO,,<auto>,1741014576884,
1000606,Simdax inf,-1,,0.59,APPROVED,EQUAL,Finn Fassbender,1741017009210,21154483,Levosimendan Injection [Simdax],Drug,MAPS_TO,,<auto>,1741014577206,
1000100,Intravenous blood transfusion of packed cells,-1,,0.43,UNCHECKED,UNREVIEWED,,0,0,Unmapped,,MAPS_TO,,,0,
1000531,Orfiril long Ret Kps 150 mg,-1,,0.38,APPROVED,EQUAL,Finn Fassbender,1741023802100,41088888,Valproate 150 MG Delayed Release Oral Capsule [Orfiril],Drug,MAPS_TO,,Finn Fassbender,1741023801206,
1000684,Morphin als PCA Pumpe,-1,,0.44,APPROVED,EQUAL,Finn Fassbender,1741023661791,1110410,morphine,Drug,MAPS_TO,,<auto>,1741014577514,
1000355,Diflucan Inf Lsg 200 mg,-1,,0.49,APPROVED,EQUIVALENT,Finn Fassbender,1741018847846,41421260,100 ML Fluconazole 2 MG/ML Injectable Solution [Diflucan],Drug,MAPS_TO,,Finn Fassbender,1741018847282,
1000855,Avalox Inf Lsg 400 mg,-1,,0.28,APPROVED,EQUAL,Finn Fassbender,1741019231051,43776562,250 ML moxifloxacin 1.6 MG/ML Injectable Solution [Avalox],Drug,MAPS_TO,,Finn Fassbender,1741019229285,
1000790,Efient Tbl 10 mg,-1,,0.32,APPROVED,EQUAL,Finn Fassbender,1741023772522,40163721,prasugrel 10 MG Oral Tablet [Effient],Drug,MAPS_TO,,<auto>,1741014577732,
1000942,Prograf Kps 0.5mg,-1,,0.32,APPROVED,EQUAL,Finn Fassbender,1741020667382,950664,tacrolimus 0.5 MG Oral Capsule [Prograf],Drug,MAPS_TO,,<auto>,1741014577783,
1001168,Clindamycin Posphat 300,-1,,0.73,APPROVED,EQUAL,Finn Fassbender,1741015998017,19085270,clindamycin 300 MG,Drug,MAPS_TO,,<auto>,1741014577952,
1000744,Transfusion of plasma (FFP),-1,,0.22,APPROVED,EQUAL,Finn Fassbender,1741022493423,36026940,human plasma preparation,Drug,MAPS_TO,,<auto>,1741014578212,
1000757,Simulect Inj Lsg,-1,,0.40,UNCHECKED,UNREVIEWED,,0,0,Unmapped,,MAPS_TO,,,0,
1000795,Isoket Dosieraerosol,-1,,0.52,APPROVED,EQUAL,Finn Fassbender,1741018184953,40956716,Isosorbide Dinitrate Oral Spray [Isoket],Drug,MAPS_TO,,Finn Fassbender,1741018181896,
1000346,Esmolol Inj Lsg 100 mg /10 ml,-1,,0.39,APPROVED,EQUAL,Finn Fassbender,1741021115646,36895505,10 ML esmolol 10 MG/ML Injectable Solution,Drug,MAPS_TO,,Finn Fassbender,1741021114709,
1000510,Prograf Kps 1mg,-1,,0.32,APPROVED,EQUAL,Finn Fassbender,1741020667548,19010270,tacrolimus 1 MG Oral Capsule [Prograf],Drug,MAPS_TO,,<auto>,1741014578594,
1000862,Morphine Inj à 10mg,-1,,0.31,APPROVED,EQUAL,Finn Fassbender,1741023658613,40169889,morphine sulfate 10 MG,Drug,MAPS_TO,,Finn Fassbender,1741023647526,
1000234,Zinacef inj 100 mg/ml,-1,,0.40,APPROVED,WIDER,Finn Fassbender,1741022888758,46287413,cefuroxime Injection,Drug,MAPS_TO,,Finn Fassbender,1741022887985,
1000353,Diflucan Kps 200 mg,-1,,0.52,APPROVED,EQUAL,Finn Fassbender,1741018194277,19025903,fluconazole 200 MG Oral Capsule [Diflucan],Drug,MAPS_TO,,Finn Fassbender,1741018193690,
1000789,Efient Tbl 5 mg,-1,,0.31,APPROVED,EQUAL,Finn Fassbender,1741023772522,40163725,prasugrel 5 MG Oral Tablet [Effient],Drug,MAPS_TO,,<auto>,1741014579109,
1001169,Clindamycin Posphat 600,-1,,0.73,APPROVED,EQUAL,Finn Fassbender,1741016025060,19109384,clindamycin 600 MG,Drug,MAPS_TO,,<auto>,1741014579264,
1000935,Oxycontin Ret Tbl à 10mg,-1,,0.29,APPROVED,EQUAL,Finn Fassbender,1741022200842,40232705,oxycodone hydrochloride 10 MG Extended Release Oral Tablet [Oxycontin],Drug,MAPS_TO,,Finn Fassbender,1741022199775,
1001193,Bactrim Amp 400/80 mg Inf Lsg,-1,,0.54,APPROVED,EQUAL,Finn Fassbender,1741017901456,19020463,sulfamethoxazole 400 MG / trimethoprim 80 MG [Bactrim],Drug,MAPS_TO,,Finn Fassbender,1741017900540,
1000707,Euphyllin N Bolus,-1,,0.53,APPROVED,EQUAL,Finn Fassbender,1741018048963,41268179,Theophylline Injectable Solution [Euphyllin],Drug,MAPS_TO,,Finn Fassbender,1741018048293,
1000511,Prograf Kps 5 mg,-1,,0.44,APPROVED,EQUAL,Finn Fassbender,1741020668775,19010291,tacrolimus 5 MG Oral Capsule [Prograf],Drug,MAPS_TO,,<auto>,1741014579851,
1000695,Nipruss 1mg/ml,-1,,0.36,APPROVED,EQUAL,Finn Fassbender,1744823240747,43657629,Nitroprusside 1 MG/MG [Nipruss],Drug,MAPS_TO,,<auto>,1741014579937,
1000536,Isoptin Tbl 80 mg,-1,,0.55,APPROVED,EQUAL,Finn Fassbender,1741017806287,40171919,verapamil hydrochloride 80 MG Oral Tablet [Isoptin],Drug,MAPS_TO,,<auto>,1741014580023,
1000805,SmofKabiven NL 1500 ml +F;+E,-1,,0.46,UNCHECKED,UNREVIEWED,,0,0,Unmapped,,MAPS_TO,,,0,
1000774,Trileptal Tbl 300 mg,-1,,0.67,APPROVED,EQUAL,Finn Fassbender,1741016202819,19068370,oxcarbazepine 300 MG Oral Tablet [Trileptal],Drug,MAPS_TO,,<auto>,1741014580371,
1001097,Co-Amoxi 1.2 g Inj Lsg,-1,,0.29,APPROVED,EQUAL,Finn Fassbender,1741019671791,36409166,Amoxicillin 1000 MG / Clavulanate 200 MG Injectable Solution [Co-amoxiclav],Drug,MAPS_TO,,Finn Fassbender,1741019671243,
1000354,Diflucan Kps 50 mg,-1,,0.50,APPROVED,EQUAL,Finn Fassbender,1741018548219,19006861,fluconazole 50 MG Oral Capsule [Diflucan],Drug,MAPS_TO,,Finn Fassbender,1741018547782,
1001003,Eltroxin Tbl 0.05mg,-1,,0.44,APPROVED,EQUAL,Finn Fassbender,1741023772522,40175211,levothyroxine sodium 0.05 MG Oral Tablet [Eltroxin],Drug,MAPS_TO,,<auto>,1741014580526,
1000706,Euphyllin N Perfusor,-1,,0.43,APPROVED,EQUAL,Finn Fassbender,1741021133221,41268179,Theophylline Injectable Solution [Euphyllin],Drug,MAPS_TO,,Finn Fassbender,1741021130775,
1000936,Oxycontin Ret Tbl à 20mg,-1,,0.23,APPROVED,EQUAL,Finn Fassbender,1741022204525,40232728,oxycodone hydrochloride 20 MG Extended Release Oral Tablet [Oxycontin],Drug,MAPS_TO,,Finn Fassbender,1741022203861,
1000306,Zinat Tabl 500 mg,-1,,0.43,APPROVED,EQUAL,Finn Fassbender,1741022946284,41254101,Cefuroxime 500 MG Oral Tablet [Zinnat],Drug,MAPS_TO,,Finn Fassbender,1741022941724,
1000804,Promote Fibres Plus,-1,,0.33,UNCHECKED,UNREVIEWED,,0,0,Unmapped,,MAPS_TO,,,0,
1000867,Nitriate 0.5mg/ml,-1,,0.36,APPROVED,INEXACT,Finn Fassbender,1744825338777,1593465,sodium nitroprusside 0.5 MG/ML Injection,Drug,MAPS_TO,,Finn Fassbender,1744825331654,
1001198,Bactrim Amp. 400/80 mg Inf Lsg,-1,,0.50,APPROVED,EQUAL,Finn Fassbender,1741018535705,19020463,sulfamethoxazole 400 MG / trimethoprim 80 MG [Bactrim],Drug,MAPS_TO,,Finn Fassbender,1741018535683,
1001098,Co-Amoxi 2.2g Inf Lsg,-1,,0.27,APPROVED,EQUAL,Finn Fassbender,1741019678474,36955022,amoxicillin 2000 MG / clavulanate 200 MG Injectable Solution [Co-amoxiclav],Drug,MAPS_TO,,Finn Fassbender,1741019677949,
1000675,Diflucan Susp Forte,-1,,0.55,APPROVED,EQUAL,Finn Fassbender,1741017560510,40040689,fluconazole Oral Suspension [Diflucan],Drug,MAPS_TO,,Finn Fassbender,1741017559690,
1001004,Eltroxin Tbl 0.10mg,-1,,0.42,APPROVED,EQUAL,Finn Fassbender,1741023772522,40174939,levothyroxine sodium 0.1 MG Oral Tablet [Eltroxin],Drug,MAPS_TO,,<auto>,1741014582024,
94,Isoptin inj 2.5 mg/ml,-1,,0.41,UNCHECKED,UNREVIEWED,,0,0,Unmapped,,MAPS_TO,,,0,
1000914,Euthyrox Tabl 50 µg,-1,,0.35,APPROVED,EQUAL,Finn Fassbender,1741021142312,40175212,levothyroxine sodium 0.05 MG Oral Tablet [Euthyrox],Drug,MAPS_TO,,Finn Fassbender,1741021141746,
1000806,SmofKabiven NL 2000 ml +F;+E,-1,,0.44,UNCHECKED,UNREVIEWED,,0,0,Unmapped,,MAPS_TO,,,0,
1000775,Trileptal Tbl 600 mg,-1,,0.69,APPROVED,EQUAL,Finn Fassbender,1741016178460,19068757,oxcarbazepine 600 MG Oral Tablet [Trileptal],Drug,MAPS_TO,,<auto>,1741014582709,
1000937,Oxynorm Trpf 10mg/ml,-1,,0.39,APPROVED,EQUAL,Finn Fassbender,1741022222983,21036207,Oxycodone 10 MG/ML Oral Solution [Oxynorm],Drug,MAPS_TO,,Finn Fassbender,1741022222492,
1000868,Nitriate 1mg/ml,-1,,0.34,APPROVED,INEXACT,Finn Fassbender,1744825371675,43693509,Nitroprusside 1 MG/MG,Drug,MAPS_TO,,Finn Fassbender,1744825370934,
1000494,Protamin 1000 Inj Lsg,-1,,0.33,APPROVED,EQUAL,Finn Fassbender,1741024703501,43801163,Protamines 1000 UNT/ML Injectable Solution,Drug,MAPS_TO,,Finn Fassbender,1741024699994,
1000502,Zoloft Tbl 50 mg,-1,,0.50,APPROVED,EQUAL,Finn Fassbender,1741018752400,19037684,sertraline 50 MG Oral Tablet [Zoloft],Drug,MAPS_TO,,<auto>,1741014582880,
1001096,Co-Amoxi Tbl 1g,-1,,0.33,APPROVED,EQUAL,Finn Fassbender,1741019708438,21120602,Amoxicillin 875 MG / Clavulanate 125 MG Oral Tablet [Co-amoxiclav],Drug,MAPS_TO,,Finn Fassbender,1741019707503,
1000883,Brufen Filmtbl. 200 mg,-1,,0.46,APPROVED,EQUAL,Finn Fassbender,1741019405328,19024591,ibuprofen 200 MG Oral Tablet [Brufen],Drug,MAPS_TO,,Finn Fassbender,1741019404467,
1001029,Isosource Protein,-1,,0.47,UNCHECKED,UNREVIEWED,,0,0,Unmapped,,MAPS_TO,,,0,
1000716,PCA-Morphin,-1,,0.52,APPROVED,EQUAL,Finn Fassbender,1741018099071,1110410,morphine,Drug,MAPS_TO,,<auto>,1741014583469,
1000341,Enatec Tbl 10 mg,-1,,0.29,APPROVED,EQUAL,Finn Fassbender,1741021035699,40165762,enalapril maleate 10 MG Oral Tablet,Drug,MAPS_TO,,Finn Fassbender,1741021035320,
1000901,Digoxin Tabl 0.125 mg,-1,,0.86,APPROVED,EQUAL,Finn Fassbender,1741015704603,19018935,digoxin 0.125 MG Oral Tablet,Drug,MAPS_TO,,Finn Fassbender,1741015704186,
1000459,Nitroderm TTS 10,-1,,0.64,APPROVED,EQUAL,Finn Fassbender,1741016728347,43690410,Nitroglycerin 50 MG [Nitroderm Tts],Drug,MAPS_TO,,Finn Fassbender,1741016720726,
1000852,SmofKabiven NL1970 ml +F;-E,-1,,0.39,UNCHECKED,UNREVIEWED,,0,0,Unmapped,,MAPS_TO,,,0,
1000216,Isosource Standard,-1,,0.30,UNCHECKED,UNREVIEWED,,0,0,Unmapped,,MAPS_TO,,,0,
1000834,Fraxiparine 0.8 ml s/c,-1,,0.51,APPROVED,EQUAL,Finn Fassbender,1741020265217,43197992,0.8 ML Nadroparin 9500 UNT/ML Prefilled Syringe [FRAXIPARINE],Drug,MAPS_TO,,Finn Fassbender,1741020264782,
1000983,Trittico Tbl 100 mg,-1,,0.29,APPROVED,EQUAL,Finn Fassbender,1741022624434,40163460,trazodone hydrochloride 100 MG Oral Tablet,Drug,MAPS_TO,,Finn Fassbender,1741022623942,
1000884,Brufen Filmtbl. 400 mg,-1,,0.46,APPROVED,EQUAL,Finn Fassbender,1741019406630,19024626,ibuprofen 400 MG Oral Tablet [Brufen],Drug,MAPS_TO,,<auto>,1741014584653,
1001053,Disoprivan 1%,-1,,0.40,APPROVED,EQUAL,Finn Fassbender,1741019812898,43838967,Propofol 10 MG/ML [Disoprivan],Drug,MAPS_TO,,Finn Fassbender,1741019811746,
1001095,Co-Amoxi Tbl 625 mg,-1,,0.37,APPROVED,EQUAL,Finn Fassbender,1741019715209,21130375,Amoxicillin 500 MG / Clavulanate 125 MG Oral Tablet [Co-amoxiclav],Drug,MAPS_TO,,Finn Fassbender,1741019714729,
190,Zovirax inf 250 mg,-1,,0.58,APPROVED,EQUAL,Finn Fassbender,1741017165272,36260809,Acyclovir 250 MG Injection [Zovirax],Drug,MAPS_TO,,Finn Fassbender,1741017164312,
1000286,Pulmicort Dosieraerosol 0.2mg,-1,,0.31,UNCHECKED,UNREVIEWED,,0,0,Unmapped,,MAPS_TO,,,0,
1000458,Nitroderm TTS 5,-1,,0.62,APPROVED,EQUAL,Finn Fassbender,1741016736081,43726191,Nitroglycerin 25 MG [Nitroderm Tts],Drug,MAPS_TO,,Finn Fassbender,1741016735556,
1000252,Sodium nitro,-1,,0.92,APPROVED,EQUAL,Finn Fassbender,1741015488831,19100394,sodium nitrate,Drug,MAPS_TO,,<auto>,1741014585017,
1000843,PDA-Bupivacain 0.125% ohne Fentanyl,-1,,0.43,APPROVED,EQUAL,Finn Fassbender,1741022245724,41110817,Bupivacaine 0.125 MG/ML [Bucain],Drug,MAPS_TO,,Finn Fassbender,1741022243257,
208,Disoprivan 2%,-1,,0.37,APPROVED,EQUAL,Finn Fassbender,1741019823938,43677200,Propofol 20 MG/ML [Disoprivan],Drug,MAPS_TO,,<auto>,1741014585412,
1000489,Perfalgan 1g,-1,,0.52,APPROVED,EQUAL,Finn Fassbender,1741018220024,21069318,100 ML Acetaminophen 10 MG/ML Injection [Perfalgan],Drug,MAPS_TO,,Finn Fassbender,1741018219271,
348,Digoxin Tabl 0.25 mg,-1,,0.84,APPROVED,EQUAL,Finn Fassbender,1741015708073,19018937,digoxin 0.25 MG Oral Tablet,Drug,MAPS_TO,,Finn Fassbender,1741015707615,
1000318,Klacid Amp 500 mg,-1,,0.45,UNCHECKED,UNREVIEWED,,0,0,Unmapped,,MAPS_TO,,,0,
1000717,PDA-Forte,-1,,0.36,UNCHECKED,UNREVIEWED,,0,0,Unmapped,,MAPS_TO,,,0,
1000714,Freka MIx 2000 ml,-1,,0.46,UNCHECKED,UNREVIEWED,,0,0,Unmapped,,MAPS_TO,,,0,
1000595,Zyprexa Filmtbl. 5 mg,-1,,0.45,APPROVED,EQUAL,Finn Fassbender,1741022953323,19016799,olanzapine 5 MG Oral Tablet [Zyprexa],Drug,MAPS_TO,,<auto>,1741014586257,
1000982,Trittico Tbl 50 mg,-1,,0.34,APPROVED,EQUAL,Finn Fassbender,1741022627659,40163473,trazodone hydrochloride 50 MG Oral Tablet,Drug,MAPS_TO,,Finn Fassbender,1741022627296,
117,Nitroglycerin Kps 0.8mg,-1,,0.45,APPROVED,EQUAL,Finn Fassbender,1741021843442,19103580,nitroglycerin 0.8 MG Oral Capsule,Drug,MAPS_TO,,Finn Fassbender,1741021842988,
1000885,Brufen Filmtbl. 600 mg,-1,,0.46,APPROVED,EQUAL,Finn Fassbender,1741019407003,19024658,ibuprofen 600 MG Oral Tablet [Brufen],Drug,MAPS_TO,,<auto>,1741014586399,
1000636,Soldactone Amp.,-1,,0.51,APPROVED,EQUAL,Finn Fassbender,1741018331179,36272247,Canrenoate Injection [Soldactone],Drug,MAPS_TO,,Finn Fassbender,1741018330671,
1001050,Disoprivan 2%,-1,,0.37,APPROVED,EQUAL,Finn Fassbender,1741019876897,43677200,Propofol 20 MG/ML [Disoprivan],Drug,MAPS_TO,,Finn Fassbender,1741019873818,
1000892,CellCept Amp 500 mg,-1,,0.71,APPROVED,EQUAL,Finn Fassbender,1741016085394,19004032,mycophenolate mofetil 500 MG Injection [Cellcept],Drug,MAPS_TO,,Finn Fassbender,1741016081450,
308,Fungizone Amp,-1,,0.72,APPROVED,EQUAL,Finn Fassbender,1741016069247,21027477,Amphotericin B Injection [Fungizone],Drug,MAPS_TO,,Finn Fassbender,1741016068653,
1000705,Ultiva Inj Lsg,-1,,0.37,APPROVED,EQUAL,Finn Fassbender,1741022584069,35605377,remifentanil Injection [Ultiva],Drug,MAPS_TO,,Finn Fassbender,1741022582873,
1000490,Perfalgan 500 mg,-1,,0.64,APPROVED,EQUAL,Finn Fassbender,1741016445200,43259277,50 ML Acetaminophen 10 MG/ML Injection [Perfalgan],Drug,MAPS_TO,,Finn Fassbender,1741016444408,
1000765,Tamiflu Kps 75 mg,-1,,0.46,APPROVED,EQUAL,Finn Fassbender,1741023862854,1799140,oseltamivir 75 MG Oral Capsule [Tamiflu],Drug,MAPS_TO,,<auto>,1741014587654,
1000317,Klacid Tbl 500 mg,-1,,0.32,UNCHECKED,UNREVIEWED,,0,0,Unmapped,,MAPS_TO,,,0,
113,Vasopressin inf 0.4 U/ml,-1,,0.41,APPROVED,EQUAL,Finn Fassbender,1741022282305,37003084,vasopressin (USP) 0.4 UNT/ML,Drug,MAPS_TO,,Finn Fassbender,1741022278028,
1,Digoxin inj 0.25 mg/ml,-1,,0.66,APPROVED,EQUAL,Finn Fassbender,1741016207068,1326432,digoxin 0.25 MG/ML,Drug,MAPS_TO,,<auto>,1741014587929,
1000699,Disoprivan 2% BOLUS,-1,,0.43,APPROVED,EQUAL,Finn Fassbender,1741019876897,43677200,Propofol 20 MG/ML [Disoprivan],Drug,MAPS_TO,,Finn Fassbender,1741019873818,
1000786,CellCept Kps 250 mg,-1,,0.57,APPROVED,EQUAL,Finn Fassbender,1741017302738,19004061,mycophenolate mofetil 250 MG Oral Capsule [Cellcept],Drug,MAPS_TO,,<auto>,1741014588015,
1000270,Norvasc Tabl 10 mg,-1,,0.73,APPROVED,EQUAL,Finn Fassbender,1741016057624,1332442,amlodipine 10 MG Oral Tablet [Norvasc],Drug,MAPS_TO,,<auto>,1741014588177,
1001047,Nitroprussiat Fides 0.5mg/ml,-1,,0.57,APPROVED,EQUAL,Finn Fassbender,1741017445268,1593465,sodium nitroprusside 0.5 MG/ML Injection,Drug,MAPS_TO,,Finn Fassbender,1741017444311,
1000528,Urokinase 100000 U,-1,,0.95,APPROVED,EQUAL,Finn Fassbender,1741015470806,21154690,Urokinase 100000 UNT,Drug,MAPS_TO,,Finn Fassbender,1741015468329,
1000734,Perlinganit Perfusor,-1,,0.43,UNCHECKED,UNREVIEWED,,0,0,Unmapped,,MAPS_TO,,,0,
1000290,Ca-Acetat-Phopshatbinder 400 mg,-1,,0.25,UNCHECKED,UNREVIEWED,,0,0,Unmapped,,MAPS_TO,,,0,
1001055,Kochsalz Tbl 1g,-1,,0.41,UNCHECKED,UNREVIEWED,,0,0,Unmapped,,MAPS_TO,,,0,
1000730,CellCept Susp,-1,,0.78,APPROVED,EQUAL,Finn Fassbender,1741015778392,40130963,mycophenolate mofetil Oral Suspension [Cellcept],Drug,MAPS_TO,,Finn Fassbender,1741015777761,
1001100,Tamiflu Suspension,-1,,0.73,APPROVED,EQUAL,Finn Fassbender,1741016033419,40126825,oseltamivir Oral Suspension [Tamiflu],Drug,MAPS_TO,,Finn Fassbender,1741016032426,
1000470,Creon forte Kps,-1,,0.27,UNCHECKED,UNREVIEWED,,0,0,Unmapped,,MAPS_TO,,,0,
1001052,Disoprivan 2% BOLUS,-1,,0.43,APPROVED,EQUAL,Finn Fassbender,1741019876897,43677200,Propofol 20 MG/ML [Disoprivan],Drug,MAPS_TO,,Finn Fassbender,1741019873818,
112,Vasopressin inj 20 U/ml,-1,,0.41,APPROVED,EQUAL,Finn Fassbender,1741022291334,1507839,vasopressin (USP) 20 UNT/ML,Drug,MAPS_TO,,Finn Fassbender,1741022289992,
1000232,Furosemide 10 mg/ml inj,-1,,0.95,APPROVED,EQUAL,Finn Fassbender,1741015483689,35603225,furosemide 10 MG/ML Injection,Drug,MAPS_TO,,Finn Fassbender,1741015482830,
1000416,Thyrotardin 100 ug,-1,,0.51,APPROVED,EQUAL,Finn Fassbender,1741018364671,41030944,liothyronine 0.1 MG Oral Tablet [Thyrotardin],Drug,MAPS_TO,,Finn Fassbender,1741018364210,
1000597,Calciparine,-1,,0.63,APPROVED,EQUAL,Finn Fassbender,1741016560448,44057101,heparin Injectable Solution [Calciparine],Drug,MAPS_TO,,Finn Fassbender,1741016557091,
1000258,Krenosin Inj Lsg,-1,,0.31,APPROVED,EQUAL,Finn Fassbender,1744825511056,35410468,Adenosine Injectable Solution [KRENOSIN],Drug,MAPS_TO,,<auto>,1741014589896,
1001048,Nitroprussiat Fides 1mg/ml,-1,,0.59,APPROVED,WIDER,Finn Fassbender,1741017091786,40741348,Nitroprusside Injectable Solution [Nitroprussiat Fides],Drug,MAPS_TO,,Finn Fassbender,1741017091166,
1000271,Norvasc Tabl 5 mg,-1,,0.71,APPROVED,EQUAL,Finn Fassbender,1741016091153,1332421,amlodipine 5 MG Oral Tablet [Norvasc],Drug,MAPS_TO,,<auto>,1741014590014,
1000363,Garamycin,-1,,0.71,APPROVED,EQUAL,Finn Fassbender,1741016106173,587924,Gentamicin Injection [Garamycin],Drug,MAPS_TO,,Finn Fassbender,1741016104609,
1000243,Perlinganit mg/ml inf,-1,,0.54,APPROVED,EQUAL,Finn Fassbender,1741017918124,43798162,Nitroglycerin 1 MG/ML [Perlinganit],Drug,MAPS_TO,,<auto>,1741014590458,
1001010,Cyklokapron Infusion,-1,,0.83,APPROVED,EQUAL,Finn Fassbender,1741015726767,42629303,tranexamic acid Injection [Cyklokapron],Drug,MAPS_TO,,Finn Fassbender,1741015725397,
1000989,Targin Retard Tbl 10/5mg,-1,,0.27,APPROVED,EQUAL,Finn Fassbender,1741023440428,40162466,acetaminophen 500 MG / hydrocodone bitartrate 10 MG Oral Tablet [Lortab],Drug,MAPS_TO,,<auto>,1741014590688,
1000448,CellCept Tbl 500 mg,-1,,0.65,APPROVED,EQUAL,Finn Fassbender,1741016256112,19004039,mycophenolate mofetil 500 MG Oral Tablet [Cellcept],Drug,MAPS_TO,,<auto>,1741014590779,
1000808,Ventavis Inhal Lsg,-1,,0.47,APPROVED,EQUAL,Finn Fassbender,1741022298005,1356207,iloprost Inhalation Solution [Ventavis],Drug,MAPS_TO,,Finn Fassbender,1741022297546,
1000022,Glucose 10%,-1,,0.61,APPROVED,EQUAL,Finn Fassbender,1741016773765,19082598,glucose 100 MG/ML,Drug,MAPS_TO,,Finn Fassbender,1741016773245,
1001059,Thyroxin TS Amp 500 ug/5ml,-1,,0.35,APPROVED,EQUIVALENT,Finn Fassbender,1744825708359,1511442,5 ML levothyroxine sodium 0.1 MG/ML Injection,Drug,MAPS_TO,,Finn Fassbender,1744825707936,
1000300,Cepimex,-1,,0.54,APPROVED,EQUAL,Finn Fassbender,1741017879302,1748975,cefepime,Drug,MAPS_TO,,Finn Fassbender,1741017878735,
1000858,Novalgin Tbl. à 500mg,-1,,0.23,APPROVED,EQUAL,Finn Fassbender,1741022125654,43581632,Dipyrone 500 MG Oral Tablet [Novalgin],Drug,MAPS_TO,,Finn Fassbender,1741022125217,
1000323,Distraneurin Mixt 500 mg/10 ml,-1,,0.47,APPROVED,EQUIVALENT,Finn Fassbender,1744823047773,19092286,chlormethiazole 50 MG/ML,Drug,MAPS_TO,,Finn Fassbender,1744823044568,
1000889,Calciparine 12500 E/ 0.5ml,-1,,0.33,APPROVED,EQUAL,Finn Fassbender,1744823619870,41409214,0.5 ML heparin 25000 UNT/ML Injectable Solution [Calciparin],Drug,MAPS_TO,,Finn Fassbender,1744823618244,
1000690,Glucose 10%,-1,,0.61,APPROVED,EQUAL,Finn Fassbender,1741016777878,19082598,glucose 100 MG/ML,Drug,MAPS_TO,,Finn Fassbender,1741016777273,
1000666,Cepimex Amp 1g,-1,,0.27,APPROVED,EQUIVALENT,Finn Fassbender,1744823643520,46287354,cefepime 1000 MG Injection,Drug,MAPS_TO,,Finn Fassbender,1744823641774,
1000779,Lamictal Tbl 100 mg,-1,,0.55,APPROVED,EQUAL,Finn Fassbender,1741017801276,19006207,lamotrigine 100 MG Oral Tablet [Lamictal],Drug,MAPS_TO,,<auto>,1741014592367,
1000632,Novalgin Trpf,-1,,0.45,APPROVED,EQUAL,Finn Fassbender,1741022133283,40894306,Dipyrone Oral Solution [Novalgin],Drug,MAPS_TO,,Finn Fassbender,1741022132466,
1000990,Targin Retard Tbl 20/10mg,-1,,0.35,APPROVED,EQUAL,Finn Fassbender,1741023453871,41155314,Naloxone 10 MG / Oxycodone 20 MG Oral Tablet [Targin],Drug,MAPS_TO,,Finn Fassbender,1741023452920,
1001141,Nitroprusside DBL 0.5 mg/ml,-1,,0.73,APPROVED,EQUAL,Finn Fassbender,1741016023193,1593458,sodium nitroprusside 0.5 MG/ML,Drug,MAPS_TO,,Finn Fassbender,1741016020409,
1000689,Glucose 20%,-1,,0.59,APPROVED,EQUAL,Finn Fassbender,1741017004660,19083560,glucose 200 MG/ML,Drug,MAPS_TO,,Finn Fassbender,1741017003985,
1000518,Tienam 500 mg,-1,,0.49,APPROVED,EQUAL,Finn Fassbender,1741018869289,43215149,Cilastatin 500 MG / Imipenem 500 MG [TIENAM],Drug,MAPS_TO,,<auto>,1741014592722,
27,Cyklokapron inj 100 mg/ml,-1,,0.80,APPROVED,EQUAL,Finn Fassbender,1741015767459,42629305,tranexamic acid 100 MG/ML Injection [Cyklokapron],Drug,MAPS_TO,,<auto>,1741014593052,
214,Pethidine inj 50 mg/ml,-1,,0.44,APPROVED,EQUIVALENT,Finn Fassbender,1744823108073,40165018,meperidine hydrochloride 50 MG/ML,Drug,MAPS_TO,,Finn Fassbender,1744823107262,
1000499,Ventolin Dosieraerosol 0.1 mg,-1,,0.42,APPROVED,EQUAL,Finn Fassbender,1741022340006,1356122,albuterol Inhalation Solution [Ventolin],Drug,MAPS_TO,,Finn Fassbender,1741022338818,
426,Dobutrex 250 mg/20ml,-1,,0.43,APPROVED,EQUAL,Finn Fassbender,1741020935420,2905200,20 ML dobutamine 12.5 MG/ML Injection [Dobutrex],Drug,MAPS_TO,,Finn Fassbender,1741020935035,
1000544,Glucose 20% /100ml,-1,,0.34,APPROVED,EQUAL,Finn Fassbender,1741019965619,21069370,100 ML Glucose 200 MG/ML Injection,Drug,MAPS_TO,,Finn Fassbender,1741019962286,
1001035,Certican Tbl.à 0.25 mg,-1,,0.21,UNCHECKED,UNREVIEWED,,0,0,Unmapped,,MAPS_TO,,,0,
1000605,Novalgin inj lös 50% 2 ml,-1,,0.23,APPROVED,EQUAL,Finn Fassbender,1741022122024,43698906,2 ML Dipyrone 500 MG/ML Injectable Solution [Novalgin],Drug,MAPS_TO,,<auto>,1741014593943,
1000950,Nebilet Tbl à 5 mg,-1,,0.24,APPROVED,EQUAL,Finn Fassbender,1741021823776,21084787,nebivolol 5 MG Oral Tablet [Nebilet],Drug,MAPS_TO,,<auto>,1741014594411,
1000778,Lamictal Tbl 25 mg,-1,,0.57,APPROVED,EQUAL,Finn Fassbender,1741017298993,19006208,lamotrigine 25 MG Oral Tablet [Lamictal],Drug,MAPS_TO,,<auto>,1741014594483,
1000760,Topamax Tbl 50 mg,-1,,0.51,APPROVED,EQUAL,Finn Fassbender,1741018436016,742269,topiramate 50 MG Oral Tablet [Topamax],Drug,MAPS_TO,,<auto>,1741014594560,
1000362,Cymevene 500 mg,-1,,0.73,APPROVED,EQUAL,Finn Fassbender,1741016043773,21022863,Ganciclovir 500 MG [Cymevene],Drug,MAPS_TO,,Finn Fassbender,1741016041334,
1000680,Chemotherapie,-1,,0.38,UNCHECKED,UNREVIEWED,,0,0,Unmapped,,MAPS_TO,,,0,
1000731,Novasource,-1,,0.43,UNCHECKED,UNREVIEWED,,0,0,Unmapped,,MAPS_TO,,,0,
1000302,Fortam 1 g Inj Lsg,-1,,0.24,APPROVED,EQUAL,Finn Fassbender,1741021266718,41223178,Ceftazidime 1000 MG Injectable Solution [Fortum],Drug,MAPS_TO,,Finn Fassbender,1741021266230,
1000408,Tavanic Inf Lsg 500 mg 100 ml,-1,,0.27,UNCHECKED,UNREVIEWED,,0,0,Unmapped,,MAPS_TO,,,0,
1000478,Phenhydan Inf Lsg 750 mg,-1,,0.35,APPROVED,EQUIVALENT,Finn Fassbender,1744825422967,43797982,Phenytoin Injection [Phenhydan],Drug,MAPS_TO,,Finn Fassbender,1744825422456,
1001060,Ventolin Inhal Lsg 0.05%,-1,,0.31,APPROVED,EQUAL,Finn Fassbender,1741022392038,43150279,Albuterol 0.5 MG/ML Inhalant Solution [Ventolin],Drug,MAPS_TO,,Finn Fassbender,1741022391539,
1000291,Calcium Sandoz FF Brausetabl 1000 mg,-1,,0.40,APPROVED,EQUAL,Finn Fassbender,1741019437729,41223699,Calcium 1000 MG Oral Tablet [Calcium-Sandoz],Drug,MAPS_TO,,Finn Fassbender,1741019436342,
1000700,Dormicum 5mg/ml BOLUS,-1,,0.36,APPROVED,EQUAL,Finn Fassbender,1741019862085,41203487,Midazolam 5 MG/ML [Dormicum],Drug,MAPS_TO,,<auto>,1741014595531,
1000830,Fortam 2g Inj Lsg,-1,,0.28,APPROVED,EQUAL,Finn Fassbender,1741021283211,36814714,Ceftazidime 2000 MG Injectable Solution [Fortum],Drug,MAPS_TO,,Finn Fassbender,1741021282733,
1000785,Novasource GI Forte + Fasern,-1,,0.22,UNCHECKED,UNREVIEWED,,0,0,Unmapped,,MAPS_TO,,,0,
1001087,Nebivolol Tabl 5 mg,-1,,0.90,APPROVED,EQUAL,Finn Fassbender,1741015606481,19101573,nebivolol 5 MG Oral Tablet,Drug,MAPS_TO,,Finn Fassbender,1741015605990,
1000471,Dafalgan Brausetbl 1g,-1,,0.37,APPROVED,EQUAL,Finn Fassbender,1741020848636,36782283,Acetaminophen 1000 MG Oral Tablet [DAFALGAN],Drug,MAPS_TO,,Finn Fassbender,1741020847831,
1000850,Lamotrigin Tbl 100 mg,-1,,0.62,APPROVED,EQUAL,Finn Fassbender,1741016599556,705108,lamotrigine 100 MG Oral Tablet,Drug,MAPS_TO,,Finn Fassbender,1741016599042,
1000401,Tora-dol Inj Lsg 30 mg,-1,,0.23,APPROVED,EQUAL,Finn Fassbender,1744825790614,40164852,ketorolac tromethamine 30 MG/ML Injectable Solution [Toradol],Drug,MAPS_TO,,Finn Fassbender,1744825788496,
1000407,Tavanic Tbl 500 mg,-1,,0.34,UNCHECKED,UNREVIEWED,,0,0,Unmapped,,MAPS_TO,,,0,
176,Ciproxin 200 mg/100ml,-1,,0.39,APPROVED,EQUAL,Finn Fassbender,1741022972587,43275970,100 ML Ciprofloxacin 2 MG/ML Injection [Ciproxin],Drug,MAPS_TO,,Finn Fassbender,1741022971021,
1001027,Noxafil Susp,-1,,0.77,APPROVED,EQUAL,Finn Fassbender,1741015783576,40136746,posaconazole Oral Suspension [Noxafil],Drug,MAPS_TO,,Finn Fassbender,1741015782983,
163,Fortam Stechamp 2g,-1,,0.27,APPROVED,EQUAL,Finn Fassbender,1741021296675,36814714,Ceftazidime 2000 MG Injectable Solution [Fortum],Drug,MAPS_TO,,Finn Fassbender,1741021296152,
1000292,Calcium Sandoz Lsg 10% 10 ml,-1,,0.33,APPROVED,EQUIVALENT,Finn Fassbender,1741019571287,587655,Calcium Gluconate 100 MG/ML Injectable Solution by Sandoz,Drug,MAPS_TO,,Finn Fassbender,1741019570763,
1001054,Dormicum Bolus 1mg/ml,-1,,0.30,APPROVED,EQUAL,Finn Fassbender,1741019885384,41109555,Midazolam 1 MG/ML [Dormicum],Drug,MAPS_TO,,<auto>,1741014597339,
230,Phenhydan inj 50 mg/ml 5 ml,-1,,0.44,APPROVED,EQUAL,Finn Fassbender,1744823439075,43861533,5 ML Phenytoin 50 MG/ML Injectable Solution [Phenhydan],Drug,MAPS_TO,,Finn Fassbender,1744823438084,
260,Ventolin inhal 0.5% 5 mg/ml,-1,,0.37,APPROVED,EQUAL,Finn Fassbender,1741022379817,1154655,albuterol 5 MG/ML Inhalation Solution [Ventolin],Drug,MAPS_TO,,Finn Fassbender,1741022378467,
1000851,Lamotrigin Tbl 25 mg,-1,,0.63,APPROVED,EQUAL,Finn Fassbender,1741016566868,19069199,lamotrigine 25 MG Oral Tablet,Drug,MAPS_TO,,Finn Fassbender,1741016565942,
1000319,Tavegyl Inj Lsg 2mg/2ml,-1,,0.19,UNCHECKED,UNREVIEWED,,0,0,Unmapped,,MAPS_TO,,,0,
1000687,Calciumchlorid 5%,-1,,0.47,APPROVED,EQUAL,Finn Fassbender,1741019416666,35855567,calcium chloride 50 MG/ML,Drug,MAPS_TO,,Finn Fassbender,1741019416242,
1000618,Cancidas 50 mg,-1,,0.88,APPROVED,EQUAL,Finn Fassbender,1741015650814,1718060,caspofungin acetate 50 MG Injection [Cancidas],Drug,MAPS_TO,,<auto>,1741014598377,
1000520,Torem Inj Lsg 10 mg/2 ml,-1,,0.26,APPROVED,EQUAL,Finn Fassbender,1744825486244,43663186,2 ML torsemide 5 MG/ML Injectable Solution,Drug,MAPS_TO,,Finn Fassbender,1744825482668,
1000472,Dafalgan Brausetbl 500 mg,-1,,0.45,APPROVED,EQUAL,Finn Fassbender,1741020856848,43168280,Acetaminophen 500 MG Oral Tablet [DAFALGAN],Drug,MAPS_TO,,Finn Fassbender,1741020856256,
1000296,Neo-Mercazole Tabl 5 mg,-1,,0.47,APPROVED,EQUAL,Finn Fassbender,1741021835429,21104539,Carbimazole 5 MG Oral Tablet [NeoMercazole],Drug,MAPS_TO,,Finn Fassbender,1741021834924,
1000663,Vfend Amp,-1,,0.70,APPROVED,EQUAL,Finn Fassbender,1741016150221,35604632,voriconazole Injection [Vfend],Drug,MAPS_TO,,Finn Fassbender,1741016149774,
1000769,Fortecortin Tbl 4 mg,-1,,0.38,APPROVED,EQUAL,Finn Fassbender,1741021307689,43636590,Dexamethasone 4 MG Oral Tablet [Fortecortin],Drug,MAPS_TO,,Finn Fassbender,1741021307171,
1001078,Noxafil Tabl 100 mg,-1,,0.68,APPROVED,EQUAL,Finn Fassbender,1741016182839,44785057,posaconazole 100 MG Delayed Release Oral Tablet [Noxafil],Drug,MAPS_TO,,<auto>,1741014599134,
405,Tazobac 2 g inf,-1,,0.60,APPROVED,EQUAL,Finn Fassbender,1741019021889,41309432,Piperacillin 2000 MG / tazobactam 500 MG Injectable Solution [Tazobac],Drug,MAPS_TO,,Finn Fassbender,1741019021348,
1000297,Dilatrend Tabl 12.5 mg,-1,,0.57,APPROVED,EQUAL,Finn Fassbender,1741017433158,43271437,carvedilol 12.5 MG Oral Tablet [Dilatrend],Drug,MAPS_TO,,<auto>,1741014599357,
1000617,Cancidas 70 mg,-1,,0.91,APPROVED,EQUAL,Finn Fassbender,1741015594231,1718057,caspofungin acetate 70 MG Injection [Cancidas],Drug,MAPS_TO,,<auto>,1741014599407,
304,Phenhydan tabl 100 mg,-1,,0.58,APPROVED,EQUAL,Finn Fassbender,1741017173360,43779143,Phenytoin 100 MG Oral Tablet [Phenhydan],Drug,MAPS_TO,,<auto>,1741014599824,
1000521,Torem Tbl 10 mg,-1,,0.39,APPROVED,EQUAL,Finn Fassbender,1741020285120,19024854,torsemide 10 MG Oral Tablet [Torem],Drug,MAPS_TO,,<auto>,1741014599937,
4,Lasix 40 mg tabl,-1,,0.95,APPROVED,EQUAL,Finn Fassbender,1741015457104,19023799,furosemide 40 MG Oral Tablet [Lasix],Drug,MAPS_TO,,<auto>,1741014600017,
1000483,Tazobac Inf 4g,-1,,0.48,APPROVED,EQUAL,Finn Fassbender,1741018994373,40984031,Piperacillin 4000 MG / tazobactam 500 MG [Tazobac],Drug,MAPS_TO,,Finn Fassbender,1741018993758,
1000661,Vfend Filmtbl 200 mg,-1,,0.50,APPROVED,EQUAL,Finn Fassbender,1741018755512,1714304,voriconazole 200 MG Oral Tablet [Vfend],Drug,MAPS_TO,,<auto>,1741014600106,
1000438,Beloc zok ret. Tbl 100 mg,-1,,0.31,APPROVED,EQUAL,Finn Fassbender,1741019358656,43711580,Metoprolol 100 MG Extended Release Oral Tablet [Beloc-Zok],Drug,MAPS_TO,,Finn Fassbender,1741019358024,
1001126,Foscavir Inf Lsg 6000mg/250ml,-1,,0.33,APPROVED,EQUAL,Finn Fassbender,1741021318428,40163602,250 ML foscarnet sodium 24 MG/ML Injection [Foscavir],Drug,MAPS_TO,,<auto>,1741014600290,
85,Nepresol inj 12.5 mg/ml,-1,,0.52,APPROVED,EQUAL,Finn Fassbender,1741018250347,43603439,Dihydralazine 12.5 MG/ML Injectable Suspension [Nepresol],Drug,MAPS_TO,,Finn Fassbender,1741018248755,
1001142,Nitroprusside DBL 1mg/ml,-1,,0.60,APPROVED,WIDER,Finn Fassbender,1741016934444,19020994,nitroprusside,Drug,MAPS_TO,,Finn Fassbender,1741016933985,
1000665,Nepro,-1,,0.64,UNCHECKED,UNREVIEWED,,0,0,Unmapped,,MAPS_TO,,,0,
1000451,Fraxiparine,-1,,0.66,APPROVED,EQUAL,Finn Fassbender,1741016215994,43291158,Nadroparin Injection [FRAXIPARINE],Drug,MAPS_TO,,Finn Fassbender,1741016215453,
1000298,Dilatrend Tabl 6.25 mg,-1,,0.63,APPROVED,EQUAL,Finn Fassbender,1741016571391,43293185,carvedilol 6.25 MG Oral Tablet [Dilatrend],Drug,MAPS_TO,,<auto>,1741014601460,
1000986,Torem Tbl 200 mg,-1,,0.31,APPROVED,EQUAL,Finn Fassbender,1741020294427,41120455,torsemide 200 MG Oral Tablet [Torem],Drug,MAPS_TO,,Finn Fassbender,1741020293958,
1000836,Kalium Phosphat für Perfusor,-1,,0.35,APPROVED,EQUIVALENT,Finn Fassbender,1744823824866,40101380,potassium phosphate Injectable Solution,Drug,MAPS_TO,,Finn Fassbender,1744823824224,
1000813,Captopril Tabl 25 mg,-1,,0.87,APPROVED,EQUAL,Finn Fassbender,1741015687194,1340161,captopril 25 MG Oral Tablet,Drug,MAPS_TO,,Finn Fassbender,1741015686562,
1000900,Dafalgan ODIS Schmelz Tabl 500 mg,-1,,0.40,APPROVED,EQUAL,Finn Fassbender,1741020869445,43168280,Acetaminophen 500 MG Oral Tablet [DAFALGAN],Drug,MAPS_TO,,<auto>,1741014601585,
1000662,Vfend Filmtbl 50 mg,-1,,0.48,APPROVED,EQUAL,Finn Fassbender,1741022398363,1714303,voriconazole 50 MG Oral Tablet [Vfend],Drug,MAPS_TO,,<auto>,1741014601600,
1000516,Benerva Inj Lsg 100mg/1 ml,-1,,0.29,APPROVED,EQUAL,Finn Fassbender,1741019387420,43141364,1 ML Thiamine 100 MG/ML Prefilled Syringe [Benerva],Drug,MAPS_TO,,Finn Fassbender,1741019386686,
1000475,Phenobarbital 200 mg/2ml,-1,,0.58,APPROVED,EQUAL,Finn Fassbender,1741017274451,1832254,2 ML phenobarbital 100 MG/ML Injectable Solution,Drug,MAPS_TO,,Finn Fassbender,1741017273759,
1000807,StructoKabiven NL 1500 ml +F; - E,-1,,0.22,UNCHECKED,UNREVIEWED,,0,0,Unmapped,,MAPS_TO,,,0,
1000619,Neupogen 30 Mio U,-1,,0.55,APPROVED,EQUAL,Finn Fassbender,1741017530563,21082667,Filgrastim 30000000 UNT/ML [Neupogen],Drug,MAPS_TO,,Finn Fassbender,1741017529982,
1000529,Urokinase 500000,-1,,0.91,APPROVED,EQUAL,Finn Fassbender,1741015601729,21115358,Urokinase 500000 UNT,Drug,MAPS_TO,,Finn Fassbender,1741015600205,
1000612,Kalium-Chlorid Sirup,-1,,0.46,APPROVED,EQUIVALENT,Finn Fassbender,1744823734544,40076079,potassium chloride Oral Solution,Drug,MAPS_TO,,Finn Fassbender,1744823733911,
1000522,Torem Tbl 5 mg,-1,,0.39,APPROVED,EQUAL,Finn Fassbender,1741020286068,19024853,torsemide 5 MG Oral Tablet [Torem],Drug,MAPS_TO,,<auto>,1741014602691,
1001071,Diltiazem Tbl 60 mg,-1,,0.57,APPROVED,EQUAL,Finn Fassbender,1741017326144,19133622,diltiazem hydrochloride 60 MG Oral Tablet,Drug,MAPS_TO,,Finn Fassbender,1741017325594,
1000334,Cardura CR Tbl 4 mg,-1,,0.50,APPROVED,EQUAL,Finn Fassbender,1741018565354,19124193,doxazosin 4 MG Extended Release Oral Tablet [Cardura],Drug,MAPS_TO,,Finn Fassbender,1741018564817,
1000473,Dafalgan Supp 600 mg,-1,,0.57,APPROVED,EQUAL,Finn Fassbender,1741017294339,43212053,Acetaminophen 600 MG Rectal Suppository [DAFALGAN],Drug,MAPS_TO,,Finn Fassbender,1741017293726,
1000761,PDA-Forte Bolus,-1,,0.30,UNCHECKED,UNREVIEWED,,0,0,Unmapped,,MAPS_TO,,,0,
1000620,Neupogen 48 Mio U,-1,,0.50,APPROVED,EQUIVALENT,Finn Fassbender,1741018675894,1304918,0.8 ML filgrastim 0.6 MG/ML Prefilled Syringe [Neupogen],Drug,MAPS_TO,,Finn Fassbender,1741018673460,
1000831,Fraxiparine 0.3 ml s/c,-1,,0.44,APPROVED,EQUAL,Finn Fassbender,1741020235369,43175945,0.3 ML Nadroparin 9500 UNT/ML Prefilled Syringe [FRAXIPARINE],Drug,MAPS_TO,,Finn Fassbender,1741020234666,
1000658,Noradrenalin 10 µg/ml Bolus,-1,,0.33,APPROVED,EQUAL,Finn Fassbender,1741021861537,41044844,Norepinephrine 0.01 MG/ML,Drug,MAPS_TO,,Finn Fassbender,1741021861096,
1000299,Kefzol Inj Lsg,-1,,0.48,APPROVED,EQUAL,Finn Fassbender,1741024120472,42614561,cefazolin Injection [Kefzol],Drug,MAPS_TO,,<auto>,1741014603642,
1000701,VIII: Haemete HS,-1,,0.25,APPROVED,EQUAL,Finn Fassbender,1741022482189,43782985,Factor VIII Injectable Suspension [Haemate],Drug,MAPS_TO,,Finn Fassbender,1741022480762,
1000882,Benerva Tbl 100 mg,-1,,0.53,APPROVED,EQUAL,Finn Fassbender,1741018014728,19007685,thiamine 100 MG Oral Tablet [Benerva],Drug,MAPS_TO,,<auto>,1741014603699,
1000509,Succinolin 100mg/ 2ml,-1,,0.32,UNCHECKED,UNREVIEWED,,0,0,Unmapped,,MAPS_TO,,,0,
1000762,PDA-Standard Bolus,-1,,0.33,UNCHECKED,UNREVIEWED,,0,0,Unmapped,,MAPS_TO,,,0,
1000776,Tegretol CR Tbl 200 mg,-1,,0.58,APPROVED,EQUAL,Finn Fassbender,1741017289160,40166956,carbamazepine 200 MG Extended Release Oral Tablet [Tegretol],Drug,MAPS_TO,,Finn Fassbender,1741017287414,
1000671,Kefzol Stechamp 2g,-1,,0.47,APPROVED,EQUAL,Finn Fassbender,1741024120472,36785977,Cefazolin 2000 MG Injectable Solution [Kefzol],Drug,MAPS_TO,,Finn Fassbender,1741024115411,
121,Diltiazem tabl 30 mg,-1,,0.74,APPROVED,EQUAL,Finn Fassbender,1741015893345,1328689,diltiazem hydrochloride 30 MG Oral Tablet,Drug,MAPS_TO,,Finn Fassbender,1741015892621,
1000683,Dafalgan Tabl 1g,-1,,0.48,APPROVED,EQUAL,Finn Fassbender,1741020878369,36782283,Acetaminophen 1000 MG Oral Tablet [DAFALGAN],Drug,MAPS_TO,,Finn Fassbender,1741020877818,
1000771,Sufentanyl Perfusor,-1,,0.53,APPROVED,EQUAL,Finn Fassbender,1741017981870,19078219,sufentanil,Drug,MAPS_TO,,<auto>,1741014604691,
1001082,Carvedilol Tabl 12.5 mg,-1,,0.90,APPROVED,EQUAL,Finn Fassbender,1741015614320,19022750,carvedilol 12.5 MG Oral Tablet,Drug,MAPS_TO,,Finn Fassbender,1741015613574,
1000979,Valcyte Filmtabl. 450mg,-1,,0.44,APPROVED,EQUAL,Finn Fassbender,1741022632656,1703064,valganciclovir 450 MG Oral Tablet [Valcyte],Drug,MAPS_TO,,<auto>,1741014605147,
1000515,Benerva Tbl 300 mg,-1,,0.54,APPROVED,EQUAL,Finn Fassbender,1741017909674,19007686,thiamine 300 MG Oral Tablet [Benerva],Drug,MAPS_TO,,<auto>,1741014605254,
1000676,Keppra,-1,,0.75,APPROVED,EQUAL,Finn Fassbender,1741015802921,42629457,levetiracetam Injection [Keppra],Drug,MAPS_TO,,Finn Fassbender,1741015802373,
1000832,Fraxiparine 0.4 ml s/c,-1,,0.49,APPROVED,EQUAL,Finn Fassbender,1741020248837,43142789,0.4 ML Nadroparin 9500 UNT/ML Prefilled Syringe [FRAXIPARINE],Drug,MAPS_TO,,Finn Fassbender,1741020248094,
125,Nimotop Tabl 30 mg,-1,,0.60,APPROVED,EQUAL,Finn Fassbender,1741016983419,21123408,Nimodipine 30 MG Oral Tablet [Nimotop],Drug,MAPS_TO,,Finn Fassbender,1741016982961,
1000266,PK-Merz 500 ml,-1,,0.62,APPROVED,EQUAL,Finn Fassbender,1741016749811,42918639,500 ML Amantadine 0.4 MG/ML Injectable Solution [PK-MERZ],Drug,MAPS_TO,,Finn Fassbender,1741016749144,
1000720,CoAprovel,-1,,0.47,APPROVED,EQUAL,Finn Fassbender,1741019721337,21161228,Hydrochlorothiazide / irbesartan Oral Tablet [CoAprovel],Drug,MAPS_TO,,<auto>,1741014605670,
1001006,Surmontil Trpf 4%,-1,,0.40,UNCHECKED,UNREVIEWED,,0,0,Unmapped,,MAPS_TO,,,0,
1000656,Noradrenalin 100 µg/ml Perfusor,-1,,0.30,APPROVED,EQUIVALENT,Finn Fassbender,1741022072247,41232668,Norepinephrine 0.1 MG,Drug,MAPS_TO,,Finn Fassbender,1741022071695,
1000777,Tegretol CR Tbl 400 mg,-1,,0.61,APPROVED,EQUAL,Finn Fassbender,1741016785407,19006149,carbamazepine 400 MG Oral Tablet [Tegretol],Drug,MAPS_TO,,<auto>,1741014606170,
1000573,Survimed OPD,-1,,0.33,UNCHECKED,UNREVIEWED,,0,0,Unmapped,,MAPS_TO,,,0,
1000331,Dilzem retard Filmtbl 120 mg,-1,,0.44,APPROVED,EQUAL,Finn Fassbender,1741020894024,41252795,Diltiazem 120 MG Oral Tablet [Dilzem],Drug,MAPS_TO,,Finn Fassbender,1741020893442,
1000978,Valium Tbl. 10 mg,-1,,0.33,APPROVED,EQUAL,Finn Fassbender,1741022638481,19004472,diazepam 10 MG Oral Tablet [Valium],Drug,MAPS_TO,,<auto>,1741014606444,
1000688,Paravertebralblock-Lösung,-1,,0.22,UNCHECKED,UNREVIEWED,,0,0,Unmapped,,MAPS_TO,,,0,
1000756,Keppra 500 mg Amp. i.v,-1,,0.51,APPROVED,EQUIVALENT,Finn Fassbender,1741018427906,711621,5 ML levetiracetam 100 MG/ML Injection [Keppra],Drug,MAPS_TO,,Finn Fassbender,1741018427135,
1000728,Catapresan 25µg /ml Perfusor,-1,,0.21,APPROVED,WIDER,Finn Fassbender,1741019603594,43584092,Clonidine Injectable Solution [Catapresan],Drug,MAPS_TO,,Finn Fassbender,1741019598097,
124,Nimotop inf 0.2 mg/ml,-1,,0.46,APPROVED,EQUAL,Finn Fassbender,1741020697011,21133273,Nimodipine 0.2 MG/ML [Nimotop],Drug,MAPS_TO,,<auto>,1741014607084,
225,Benuron supp 1000 mg,-1,,0.41,APPROVED,EQUIVALENT,Finn Fassbender,1744823581757,19105493,acetaminophen 1000 MG Rectal Suppository,Drug,MAPS_TO,,Finn Fassbender,1744823580070,
1001066,Survimed OPD HN,-1,,0.26,UNCHECKED,UNREVIEWED,,0,0,Unmapped,,MAPS_TO,,,0,
1000833,Fraxiparine 0.6 ml s/c,-1,,0.50,APPROVED,EQUAL,Finn Fassbender,1741020257736,43186953,0.6 ML Nadroparin 9500 UNT/ML Prefilled Syringe [FRAXIPARINE],Drug,MAPS_TO,,Finn Fassbender,1741020257348,
1001005,Colidimin Tbl 200 mg,-1,,0.33,APPROVED,EQUIVALENT,Finn Fassbender,1741019769738,1735948,rifaximin 200 MG Oral Tablet,Drug,MAPS_TO,,Finn Fassbender,1741019767142,
1000418,Temesta Expidet 1mg,-1,,0.26,APPROVED,EQUAL,Finn Fassbender,1744825743526,43161129,Lorazepam 1 MG Oral Tablet [TEMESTA],Drug,MAPS_TO,,Finn Fassbender,1744825741603,
1000462,Noradrenalin 1mg/ml,-1,,0.46,APPROVED,EQUAL,Finn Fassbender,1741022090241,1321364,norepinephrine 1 MG/ML,Drug,MAPS_TO,,Finn Fassbender,1741022081300,
1000977,Valium Tbl. 5 mg,-1,,0.32,APPROVED,EQUAL,Finn Fassbender,1741022639148,19004471,diazepam 5 MG Oral Tablet [Valium],Drug,MAPS_TO,,<auto>,1741014607643,
1000926,Madopar LIQ Tbl 62.5,-1,,0.38,APPROVED,EQUAL,Finn Fassbender,1741024073580,21141947,Benserazide 12.5 MG / Levodopa 50 MG Oral Tablet [Madopar],Drug,MAPS_TO,,Finn Fassbender,1741024053235,
1000482,Dipiperon Tbl 40 mg,-1,,0.41,APPROVED,EQUAL,Finn Fassbender,1741020899662,43190056,pipamperone 40 MG Oral Tablet [DIPIPERON],Drug,MAPS_TO,,Finn Fassbender,1741020899136,
1000794,Hydrocodon Inj Lsg,-1,,0.47,APPROVED,EQUAL,Finn Fassbender,1741020036541,40046758,hydrocodone Injectable Solution,Drug,MAPS_TO,,Finn Fassbender,1741020036161,
1000996,Symbicort 100/60,-1,,0.57,APPROVED,EQUAL,Finn Fassbender,1741017405593,35754607,Budesonide 0.1 MG/ACTUAT / formoterol 0.006 MG/ACTUAT Inhalant Powder [Symbicort],Drug,MAPS_TO,,Finn Fassbender,1741017404816,
197,Pavulon inj 2 mg/ml,-1,,0.58,APPROVED,EQUAL,Finn Fassbender,1741017179475,19133718,pancuronium bromide 2 MG/ML Injectable Solution [Pavulon],Drug,MAPS_TO,,<auto>,1741014608276,
1000898,Concor Tbl 5 mg,-1,,0.37,APPROVED,EQUAL,Finn Fassbender,1741019788978,43659489,Bisoprolol 5 MG Oral Tablet [Concor],Drug,MAPS_TO,,Finn Fassbender,1741019788563,
380,Catapresan Tabl 150 mikrogr,-1,,0.39,APPROVED,EQUAL,Finn Fassbender,1741019616290,41222647,Clonidine 0.15 MG Oral Tablet [Catapresan],Drug,MAPS_TO,,Finn Fassbender,1741019614143,
1000997,Symbicort 200/60,-1,,0.56,APPROVED,EQUAL,Finn Fassbender,1741017511310,35750374,Budesonide 0.2 MG/ACTUAT / formoterol 0.006 MG/ACTUAT Inhalant Powder [Symbicort],Drug,MAPS_TO,,Finn Fassbender,1741017510651,
1000988,Temesta Expidet 2.5 mg,-1,,0.42,APPROVED,EQUAL,Finn Fassbender,1744825751789,43149929,Lorazepam 2.5 MG Oral Tablet [TEMESTA],Drug,MAPS_TO,,Finn Fassbender,1744825751227,
146,Betamethasone inj 4 mg/ml,-1,,0.61,APPROVED,EQUAL,Finn Fassbender,1741016802519,19074185,betamethasone 4 MG/ML Injectable Solution,Drug,MAPS_TO,,Finn Fassbender,1741016801736,
1001194,Ketalar 5mg/ml Perfusor Schmerzdienst,-1,,0.28,APPROVED,EQUAL,Finn Fassbender,1741024196027,36408201,Ketamine 5 MG/ML Injectable Solution,Drug,MAPS_TO,,Finn Fassbender,1741024159008,
245,Valium inj 5 mg/ml,-1,,0.40,APPROVED,EQUAL,Finn Fassbender,1741022636892,19024263,diazepam 5 MG/ML Injectable Solution [Valium],Drug,MAPS_TO,,<auto>,1741014609521,
1001045,Madopar Tbl 125 mg,-1,,0.37,APPROVED,EQUAL,Finn Fassbender,1741024073580,21141945,Benserazide 25 MG / Levodopa 100 MG Oral Tablet [Madopar],Drug,MAPS_TO,,Finn Fassbender,1741024066401,
1000233,Penicillin 50 000 U/ml,-1,,0.52,APPROVED,EQUIVALENT,Finn Fassbender,1741018087796,44052772,Penicillin V 50000 UNT/ML,Drug,MAPS_TO,,Finn Fassbender,1741018087289,
1000825,Cefepime 2g Amp.,-1,,0.51,APPROVED,EQUAL,Finn Fassbender,1741018340395,46287347,cefepime 2000 MG,Drug,MAPS_TO,,Finn Fassbender,1741018339750,
1000657,Noradrenalin 20 µg/ml Perfusor,-1,,0.30,APPROVED,EQUAL,Finn Fassbender,1741022090576,19111068,norepinephrine 0.02 MG/ML,Drug,MAPS_TO,,Finn Fassbender,1741021901222,
1000691,Disoprivan  BOLUS 2% 20mg/ml,-1,,0.29,APPROVED,EQUAL,Finn Fassbender,1741019876897,43677200,Propofol 20 MG/ML [Disoprivan],Drug,MAPS_TO,,Finn Fassbender,1741019873818,
1000821,Cordarone Perfusor,-1,,0.51,APPROVED,EQUAL,Finn Fassbender,1741018479471,40157263,amiodarone Injectable Solution [Cordarone],Drug,MAPS_TO,,Finn Fassbender,1741018478447,
1000770,Hydrocortone Tbl 10 mg,-1,,0.61,APPROVED,EQUAL,Finn Fassbender,1741016807876,19006964,hydrocortisone 10 MG Oral Tablet [Hydrocortone],Drug,MAPS_TO,,<auto>,1741014610212,
1001099,Tamiflu Kps 30 mg,-1,,0.45,APPROVED,EQUAL,Finn Fassbender,1741023862854,1799158,oseltamivir 30 MG Oral Capsule [Tamiflu],Drug,MAPS_TO,,<auto>,1741014610476,
1000239,Temesta inj Amp 4mg/ml,-1,,0.21,APPROVED,EQUAL,Finn Fassbender,1744825761822,36274386,Lorazepam 4 MG/ML [TEMESTA],Drug,MAPS_TO,,Finn Fassbender,1744825760902,
1000721,Bilol 5 mg Tbl.,-1,,0.28,UNCHECKED,UNREVIEWED,,0,0,Unmapped,,MAPS_TO,,,0,
1000491,Disoprivan 1%,-1,,0.40,APPROVED,EQUAL,Finn Fassbender,1741019818837,43838967,Propofol 10 MG/ML [Disoprivan],Drug,MAPS_TO,,Finn Fassbender,1741019818396,
1000284,Penicillin G 1 Mio,-1,,0.86,APPROVED,EQUAL,Finn Fassbender,1741015699437,44104421,Penicillin G 1000000 UNT,Drug,MAPS_TO,,Finn Fassbender,1741015698753,
1000530,Valtrex Tbl 500 mg,-1,,0.51,APPROVED,EQUAL,Finn Fassbender,1741018436666,19010431,valacyclovir 500 MG Oral Tablet [Valtrex],Drug,MAPS_TO,,<auto>,1741014611274,
1000420,Magnesiocard 5 mmol sachet,-1,,0.60,APPROVED,EQUAL,Finn Fassbender,1741016962727,21085439,Magnesium Aspartate 5 MMOL [Magnesiocard],Drug,MAPS_TO,,Finn Fassbender,1741016962218,
1000294,Lopirin Tbl 25 mg,-1,,0.39,APPROVED,EQUAL,Finn Fassbender,1744823888753,40942435,Captopril 25 MG Oral Tablet [Lopirin],Drug,MAPS_TO,,Finn Fassbender,1744823885028,
198,Norcuron inj 4mg/ml,-1,,0.32,APPROVED,EQUAL,Finn Fassbender,1741022107396,41182645,Vecuronium 4 MG/ML Injectable Solution [Norcuron],Drug,MAPS_TO,,Finn Fassbender,1741022106138,
1000347,Brevibloc 2 5g/10ml,-1,,0.43,UNCHECKED,UNREVIEWED,,0,0,Unmapped,,MAPS_TO,,,0,
1000400,Ketalar Inj Lsg 500 mg/10 ml,-1,,0.33,APPROVED,EQUAL,Finn Fassbender,1741024196027,2902756,10 ML ketamine 50 MG/ML Injection,Drug,MAPS_TO,,Finn Fassbender,1741024173793,
1000780,Risperdal Tbl 1 mg,-1,,0.66,APPROVED,EQUAL,Finn Fassbender,1741016235711,19004693,risperidone 1 MG Oral Tablet [Risperdal],Drug,MAPS_TO,,<auto>,1741014612045,
1000755,II;VII;IX;X;C;S: Beriplex P/N 500 TS Inj Lsg,-1,,0.11,UNCHECKED,UNREVIEWED,,0,0,Unmapped,,MAPS_TO,,,0,
1000268,Cordarone Tbl 200 mg,-1,,0.59,APPROVED,EQUAL,Finn Fassbender,1741017040768,19133832,amiodarone hydrochloride 200 MG Oral Tablet [Cordarone],Drug,MAPS_TO,,<auto>,1741014612094,
1001152,Haemocomplettan P 1g,-1,,0.49,APPROVED,EQUAL,Finn Fassbender,1741018758478,41172603,Fibrinogen 1000 MG [Haemocomplettan],Drug,MAPS_TO,,<auto>,1741014612134,
202,Pentothal 1g Inf Lsg,-1,,0.23,APPROVED,EQUAL,Finn Fassbender,1744825605091,43037046,Thiopental 1000 MG Injectable Solution,Drug,MAPS_TO,,Finn Fassbender,1744825604087,
1000987,Tenormin  Tabl 100mg,-1,,0.33,APPROVED,EQUAL,Finn Fassbender,1744825769723,19025063,atenolol 100 MG Oral Tablet [Tenormin],Drug,MAPS_TO,,<auto>,1741014612494,
189,Vancocin  Amp 500 mg,-1,,0.33,APPROVED,EQUAL,Finn Fassbender,1741022662625,35771391,Vancomycin 500 MG Injectable Solution [Vancocin],Drug,MAPS_TO,,Finn Fassbender,1741022661317,
1000421,Magnesium Sulfat 50% 10 ml,-1,,0.60,APPROVED,EQUAL,Finn Fassbender,1741017000390,46275273,10 ML magnesium sulfate 500 MG/ML Injection,Drug,MAPS_TO,,Finn Fassbender,1741016999923,
1000857,Ketalar Perfusor,-1,,0.28,APPROVED,EQUAL,Finn Fassbender,1741024196027,785649,ketamine,Drug,MAPS_TO,,Finn Fassbender,1741024189993,
1001153,Haemocomplettan P 2g,-1,,0.49,APPROVED,EQUAL,Finn Fassbender,1741018758737,41235085,Fibrinogen 2000 MG [Haemocomplettan],Drug,MAPS_TO,,<auto>,1741014613275,
1000839,Brilique Tbl 90 mg,-1,,0.43,APPROVED,EQUAL,Finn Fassbender,1744823169507,40241188,ticagrelor 90 MG Oral Tablet,Drug,MAPS_TO,,Finn Fassbender,1744823167308,
1001080,Losartan Tabl 50 mg,-1,,0.64,APPROVED,EQUIVALENT,Finn Fassbender,1741016526613,40185304,losartan potassium 50 MG Oral Tablet,Drug,MAPS_TO,,Finn Fassbender,1741016526134,
1001171,Norfloxacin Filmtbl 400 mg,-1,,0.60,APPROVED,EQUAL,Finn Fassbender,1741016967085,19019411,norfloxacin 400 MG Oral Tablet,Drug,MAPS_TO,,Finn Fassbender,1741016966597,
1000476,Marcoumar Tbl,-1,,0.51,APPROVED,EQUAL,Finn Fassbender,1741018393595,43800747,Phenprocoumon Oral Tablet [Marcumar],Drug,MAPS_TO,,Finn Fassbender,1741018391305,
1000607,Pentothal inj 0.5g,-1,,0.28,APPROVED,EQUAL,Finn Fassbender,1744825609594,43258329,Thiopental 500 MG Injectable Solution [Pentothal],Drug,MAPS_TO,,Finn Fassbender,1744825608909,
442,Rivotril 0.5 mg/ml,-1,,0.92,APPROVED,EQUIVALENT,Finn Fassbender,1741016533889,19011608,clonazepam 0.5 MG Oral Tablet [Rivotril],Drug,MAPS_TO,,<auto>,1741014613892,
1001086,Meropenem 1g,-1,,0.59,APPROVED,EQUAL,Finn Fassbender,1741017036190,35606005,meropenem 1000 MG,Drug,MAPS_TO,,<auto>,1741014613948,
1000798,II;VII;IX;X;C;S: Beriplex P/N 500 TS Inj Lsg,-1,,0.11,UNCHECKED,UNREVIEWED,,0,0,Unmapped,,MAPS_TO,,,0,
1000669,AmBisome Inf Lsg,-1,,0.46,APPROVED,EQUAL,Finn Fassbender,1741015044222,37499293,amphotericin B Injection [AmBisome],Drug,MAPS_TO,,Finn Fassbender,1741015043551,
1000846,Lyrica Kps 25 mg,-1,,0.43,APPROVED,EQUAL,Finn Fassbender,1741023752617,19123167,pregabalin 25 MG Oral Capsule [Lyrica],Drug,MAPS_TO,,<auto>,1741014614604,
431,Cordarone inj 50 mg/ml,-1,,0.53,APPROVED,EQUAL,Finn Fassbender,1741018019153,1309996,amiodarone hydrochloride 50 MG/ML Injectable Solution [Cordarone],Drug,MAPS_TO,,<auto>,1741014614618,
10002508,Haemofiltration,-1,,0.43,UNCHECKED,UNREVIEWED,,0,0,Unmapped,,MAPS_TO,,,0,
1001215,Rivotril Perfusor,-1,,0.57,APPROVED,EQUAL,Finn Fassbender,1741017427392,40026126,clonazepam Injectable Solution [Rivotril],Drug,MAPS_TO,,Finn Fassbender,1741017425637,
331,Vancocin oral Kps 250 mg,-1,,0.50,APPROVED,EQUAL,Finn Fassbender,1741018570549,19025859,vancomycin 250 MG Oral Capsule [Vancocin],Drug,MAPS_TO,,<auto>,1741014615195,
1000278,Tenormin mite Tabl 50 mg,-1,,0.60,APPROVED,EQUAL,Finn Fassbender,1741016946617,1314005,atenolol 50 MG Oral Tablet [Tenormin],Drug,MAPS_TO,,<auto>,1741014615310,
1000325,Mephameson 4mg/ml,-1,,0.20,APPROVED,EQUAL,Finn Fassbender,1744823937853,19085227,dexamethasone 4 MG/ML,Drug,MAPS_TO,,Finn Fassbender,1744823937200,
1000747,Lasix Bolus 20mg  Amp.,-1,,0.29,APPROVED,EQUAL,Finn Fassbender,1741023701787,35158245,Furosemide 20 MG Injectable Solution [Lasix],Drug,MAPS_TO,,Finn Fassbender,1741023696449,
1001084,Meropenem 500 mg,-1,,1.00,APPROVED,EQUAL,Finn Fassbender,1741015455984,35605999,meropenem 500 MG,Drug,MAPS_TO,,<auto>,1741014615491,
1000796,Lyrica Kps 75 mg,-1,,0.45,APPROVED,EQUAL,Finn Fassbender,1741023752617,19123173,pregabalin 75 MG Oral Capsule [Lyrica],Drug,MAPS_TO,,<auto>,1741014615767,
1000267,Aminophyllin 240 mg,-1,,0.93,APPROVED,EQUAL,Finn Fassbender,1741015062246,1105869,aminophylline 240 MG/ML,Drug,MAPS_TO,,<auto>,1741014615827,
326,Noroxin tabl 400 mg,-1,,0.71,APPROVED,EQUAL,Finn Fassbender,1741016125155,19041106,norfloxacin 400 MG Oral Tablet [Noroxin],Drug,MAPS_TO,,<auto>,1741014615973,
1001187,II;VII;IX;X;C;S: Beriplex P/N 500 TS Inj Lsg,-1,,0.11,UNCHECKED,UNREVIEWED,,0,0,Unmapped,,MAPS_TO,,,0,
1001061,Haemopressin TS Inj Lsg,-1,,0.35,APPROVED,EQUAL,Finn Fassbender,1741019998402,2040748,terlipressin Injection [HAEMOPRESSIN],Drug,MAPS_TO,,<auto>,1741014616097,
1000835,Glucose 20% /500ml,-1,,0.32,APPROVED,EQUAL,Finn Fassbender,1741019971970,1560554,500 ML glucose 200 MG/ML Injection,Drug,MAPS_TO,,Finn Fassbender,1741019971415,
1000648,Rocephin 1 g Inf Lsg,-1,,0.44,APPROVED,EQUAL,Finn Fassbender,1741023850517,46287330,ceftriaxone 1000 MG Injection [Rocephin],Drug,MAPS_TO,,<auto>,1741014616252,
1000441,Corotrop Inj Lsg 1mg/ml 10 ml,-1,,0.26,UNCHECKED,UNREVIEWED,,0,0,Unmapped,,MAPS_TO,,,0,
1000929,Mephameson Inj Lsg 8mg/ml,-1,,0.18,APPROVED,EQUAL,Finn Fassbender,1744823961513,19101595,dexamethasone 8 MG/ML Injectable Solution,Drug,MAPS_TO,,Finn Fassbender,1744823951788,
1000698,Aminophyllin BOLUS,-1,,0.82,APPROVED,EQUAL,Finn Fassbender,1741015062682,1105775,aminophylline,Drug,MAPS_TO,,<auto>,1741014617113,
482,Lasix Perfusor 250 mg Amp.,-1,,0.36,APPROVED,EQUIVALENT,Finn Fassbender,1741023735579,35850222,furosemide 250 MG Injectable Solution,Drug,MAPS_TO,,Finn Fassbender,1741023735014,
1000838,Rocephin 2 g Inf Lsg,-1,,0.38,APPROVED,EQUAL,Finn Fassbender,1741023850517,21150149,Ceftriaxone 2000 MG Injection [Rocephin],Drug,MAPS_TO,,Finn Fassbender,1741023843156,
1000746,Glucose 20%/100ml Pflege,-1,,0.28,APPROVED,EQUAL,Finn Fassbender,1741019965619,21069370,100 ML Glucose 200 MG/ML Injection,Drug,MAPS_TO,,Finn Fassbender,1741019962286,
215,Methadon inj 10 mg/ml,-1,,0.53,APPROVED,EQUAL,Finn Fassbender,1741017992724,36891675,Methadone 10 MG/ML Injection,Drug,MAPS_TO,,<auto>,1741014617595,
1000424,Meronem 1g,-1,,0.43,APPROVED,EQUAL,Finn Fassbender,1744823175811,35606005,meropenem 1000 MG,Drug,MAPS_TO,,<auto>,1741014617777,
1001101,Ilomedin 20 ug/ml Inf Lsg,-1,,0.29,APPROVED,EQUIVALENT,Finn Fassbender,1741024594933,19104373,iloprost 0.02 MG/ML Injectable Solution,Drug,MAPS_TO,,Finn Fassbender,1741024594249,
141,Tenormin submite tabl 25 mg,-1,,0.50,APPROVED,EQUAL,Finn Fassbender,1741018542718,19012417,atenolol 25 MG Oral Tablet [Tenormin],Drug,MAPS_TO,,<auto>,1741014617983,
1000945,Remeron subligual 15 mg,-1,,0.51,APPROVED,EQUAL,Finn Fassbender,1741018283955,725172,mirtazapine 15 MG Oral Tablet [Remeron],Drug,MAPS_TO,,Finn Fassbender,1741018281141,
1000370,Haldol Inj Lsg 5 mg/ml,-1,,0.43,APPROVED,EQUAL,Finn Fassbender,1741020006098,40726460,Haloperidol 5 MG/ML Injectable Solution [Haldol],Drug,MAPS_TO,,Finn Fassbender,1741020005482,
1000060,Glucose 30%,-1,,0.65,APPROVED,EQUAL,Finn Fassbender,1741016313091,1560649,glucose 300 MG/ML,Drug,MAPS_TO,,Finn Fassbender,1741016312649,
1000933,MST Continus ret Tbl 10 mg,-1,,0.49,APPROVED,EQUAL,Finn Fassbender,1741018981453,19006029,morphine sulfate 10 MG Extended Release Oral Tablet [MST Continus],Drug,MAPS_TO,,<auto>,1741014618214,
1000304,Rocephin 2g,-1,,0.42,APPROVED,EQUAL,Finn Fassbender,1741023850517,21150149,Ceftriaxone 2000 MG Injection [Rocephin],Drug,MAPS_TO,,Finn Fassbender,1741023843156,
1000419,Cosaar Tbl 50 mg,-1,,0.33,UNCHECKED,UNREVIEWED,,0,0,Unmapped,,MAPS_TO,,,0,
1001175,Levetiracetam Inf Lsg,-1,,0.59,APPROVED,EQUAL,Finn Fassbender,1741017044720,42629456,levetiracetam Injection,Drug,MAPS_TO,,<auto>,1741014618432,
1000614,ReoPro,-1,,0.52,APPROVED,EQUAL,Finn Fassbender,1741018266415,46275863,abciximab Injection [ReoPro],Drug,MAPS_TO,,Finn Fassbender,1741018265941,
1000545,Glucose 40%,-1,,0.61,APPROVED,EQUAL,Finn Fassbender,1741016766302,1560680,glucose 400 MG/ML,Drug,MAPS_TO,,Finn Fassbender,1741016765269,
1000873,Amlodipin Tbl 10 mg,-1,,0.62,APPROVED,EQUAL,Finn Fassbender,1741015079772,19073093,amlodipine 10 MG Oral Tablet,Drug,MAPS_TO,,Finn Fassbender,1741015079337,
1000899,Creon Kps,-1,,0.34,UNCHECKED,UNREVIEWED,,0,0,Unmapped,,MAPS_TO,,,0,
1000425,Meronem 500 mg,-1,,0.83,APPROVED,EQUAL,Finn Fassbender,1741015729236,35605999,meropenem 500 MG,Drug,MAPS_TO,,<auto>,1741014619008,
1000567,Glucose 50%,-1,,0.65,APPROVED,EQUAL,Finn Fassbender,1741016307707,19081147,glucose 500 MG/ML,Drug,MAPS_TO,,Finn Fassbender,1741016307186,
1000365,SDD Gentamycin/Polymyxin Kps,-1,,0.45,UNCHECKED,UNREVIEWED,,0,0,Unmapped,,MAPS_TO,,,0,
1000386,Ilomedin Inj Lsg 50ug/2.5 ml,-1,,0.21,APPROVED,WIDER,Finn Fassbender,1741024656263,1344992,iloprost,Drug,MAPS_TO,,Finn Fassbender,1741024654149,
1000371,Haldol Trpf 2mg/ml,-1,,0.33,APPROVED,EQUAL,Finn Fassbender,1741020012011,19031152,haloperidol 2 MG/ML Oral Solution [Haldol],Drug,MAPS_TO,,Finn Fassbender,1741020011200,
107,Liquemin 5000 U/ml,-1,,0.59,APPROVED,EQUAL,Finn Fassbender,1741017034740,40953611,heparin 5000 UNT/ML [Liquemin],Drug,MAPS_TO,,<auto>,1741014619598,
1000445,MST Continus ret Tbl 30,-1,,0.47,APPROVED,EQUAL,Finn Fassbender,1741023671280,19006051,morphine sulfate 30 MG Extended Release Oral Tablet [MST Continus],Drug,MAPS_TO,,<auto>,1741014619762,
1000427,Methadon oral 0.5% 5mg/ml,-1,,0.34,APPROVED,EQUAL,Finn Fassbender,1741024865134,42482052,Methadone 5 MG/ML Oral Suspension,Drug,MAPS_TO,,Finn Fassbender,1741024862746,
1000793,Glypressin Inj Lsg,-1,,0.48,APPROVED,EQUAL,Finn Fassbender,1741019979336,587566,terlipressin Injection [Glypressin],Drug,MAPS_TO,,Finn Fassbender,1741019978595,
1000655,Adrenalin 10 µg/ml Bolus,-1,,0.33,APPROVED,EQUIVALENT,Finn Fassbender,1741020738486,19085545,epinephrine 0.01 MG/ML,Drug,MAPS_TO,,Finn Fassbender,1741020736066,
1001058,Revatio Filmtbl 20 mg,-1,,0.40,UNCHECKED,UNREVIEWED,,0,0,Unmapped,,MAPS_TO,,,0,
1000872,Amlodipin Tbl 5 mg,-1,,0.61,APPROVED,EQUAL,Finn Fassbender,1741015088056,1332419,amlodipine 5 MG Oral Tablet,Drug,MAPS_TO,,Finn Fassbender,1741015087531,
1000280,Imurek Stechamp. 50 mg,-1,,0.29,APPROVED,EQUAL,Finn Fassbender,1741024549422,40849792,Azathioprine 50 MG Injectable Solution [Imurek],Drug,MAPS_TO,,Finn Fassbender,1741024534459,
1000414,Lisinopril Tbl 20mg,-1,,0.51,APPROVED,EQUAL,Finn Fassbender,1741018471196,19080129,lisinopril 20 MG Oral Tablet,Drug,MAPS_TO,,Finn Fassbender,1741018470572,
1000426,Salofalk Tbl 500 mg,-1,,0.43,APPROVED,EQUAL,Finn Fassbender,1744823200582,40874864,mesalamine 500 MG Oral Tablet [Salofalk],Drug,MAPS_TO,,Finn Fassbender,1744823200074,
1000446,MST Continus ret. Tbl 60,-1,,0.40,APPROVED,EQUAL,Finn Fassbender,1741023671280,19006052,morphine sulfate 60 MG Extended Release Oral Tablet [MST Continus],Drug,MAPS_TO,,<auto>,1741014621249,
1001031,Sandimmun Neoral Kps 10 mg,-1,,0.49,APPROVED,EQUIVALENT,Finn Fassbender,1741018898348,41191889,Cyclosporine 10 MG Oral Capsule [Sandimmun],Drug,MAPS_TO,,Finn Fassbender,1741018897875,
1001070,Grafalon Inf Lsg,-1,,0.28,APPROVED,EQUAL,Finn Fassbender,1741019989020,36259379,Antilymphocyte Immunoglobulin Injection [Grafalon],Drug,MAPS_TO,,<auto>,1741014621415,
1000287,Pulmicort Inhal Lsg 0.25 mg/ml,-1,,0.49,APPROVED,EQUAL,Finn Fassbender,1741018906691,939542,budesonide 0.25 MG/ML Inhalation Suspension [Pulmicort],Drug,MAPS_TO,,<auto>,1741014621470,
1000719,Amlodipin Tbl 5mg,-1,,0.47,APPROVED,EQUAL,Finn Fassbender,1741015083870,1332419,amlodipine 5 MG Oral Tablet,Drug,MAPS_TO,,Finn Fassbender,1741015083336,
1000428,Metolazon Tbl 5 mg,-1,,0.60,APPROVED,EQUAL,Finn Fassbender,1741016973044,907020,metolazone 5 MG Oral Tablet,Drug,MAPS_TO,,Finn Fassbender,1741016972403,
239,Haloperidol inj 2.5 mg/ml,-1,,0.65,APPROVED,EQUAL,Finn Fassbender,1741016291249,588184,Haloperidol 2.5 MG/ML Injection,Drug,MAPS_TO,,Finn Fassbender,1741016290678,
1001068,Rifampicin Filmtbl 600 mg,-1,,0.52,APPROVED,EQUAL,Finn Fassbender,1741018206558,19022105,rifampin 600 MG Oral Tablet,Drug,MAPS_TO,,Finn Fassbender,1741018206128,
1000281,Imurek Tabl 50 mg,-1,,0.42,APPROVED,EQUAL,Finn Fassbender,1741024549422,19007424,azathioprine 50 MG Oral Tablet [Imuran],Drug,MAPS_TO,,<auto>,1741014622225,
1000799,Haemocomplettan,-1,,0.70,APPROVED,EQUAL,Finn Fassbender,1741016161920,21159326,Fibrinogen Injection [Haemocomplettan],Drug,MAPS_TO,,Finn Fassbender,1741016159872,
1000442,Loniten Tbl 10 mg,-1,,0.47,APPROVED,EQUAL,Finn Fassbender,1741023743436,19025147,minoxidil 10 MG Oral Tablet [Loniten],Drug,MAPS_TO,,<auto>,1741014622433,
1000750,Adrenalin 100 µg/ml Bolus,-1,,0.33,APPROVED,EQUIVALENT,Finn Fassbender,1741020746898,1344052,epinephrine 0.1 MG/ML,Drug,MAPS_TO,,Finn Fassbender,1741020746351,
1000310,Sandimmun 50 mg/ml,-1,,0.70,APPROVED,EQUAL,Finn Fassbender,1741016173994,35606030,cyclosporine 50 MG/ML Injection [Sandimmune],Drug,MAPS_TO,,<auto>,1741014622662,
1001173,Rifampicin Inf Lsg,-1,,0.59,APPROVED,EQUAL,Finn Fassbender,1741017022965,40079863,rifampin Injectable Solution,Drug,MAPS_TO,,Finn Fassbender,1741017022323,
1000772,Madopar DR Tbl 200 mg,-1,,0.35,APPROVED,EQUAL,Finn Fassbender,1741024073580,43516122,Benserazide 50 MG / Levodopa 200 MG Oral Tablet [Madopar],Drug,MAPS_TO,,Finn Fassbender,1741023978850,
1000841,Argatra Inf Lsg,-1,,0.32,APPROVED,EQUAL,Finn Fassbender,1741015213823,43803486,argatroban Injection [Argatra],Drug,MAPS_TO,,Finn Fassbender,1741015213265,
1001094,Quetiapin Tbl 100 mg,-1,,0.63,APPROVED,EQUAL,Finn Fassbender,1741016575909,766819,quetiapine 100 MG Oral Tablet,Drug,MAPS_TO,,Finn Fassbender,1741016575269,
1000373,Heparin Bichsel 500 E/ 5 ml,-1,,0.29,UNCHECKED,UNREVIEWED,,0,0,Unmapped,,MAPS_TO,,,0,
1000540,$  name session,-1,,0.18,UNCHECKED,UNREVIEWED,,0,0,Unmapped,,MAPS_TO,,,0,
1000443,Loniten Tbl 2.5 mg,-1,,0.55,APPROVED,EQUAL,Finn Fassbender,1741017534855,19025146,minoxidil 2.5 MG Oral Tablet [Loniten],Drug,MAPS_TO,,<auto>,1741014623869,
1000878,Ampho-Moronal Lutschtabletten,-1,,0.24,APPROVED,EQUAL,Finn Fassbender,1741015107874,40926718,Amphotericin B Oral Tablet [Ampho Moronal],Drug,MAPS_TO,,Finn Fassbender,1741015106961,
1000311,Sandimmun Neoral Kps 100 mg,-1,,0.51,APPROVED,EQUAL,Finn Fassbender,1741018485441,42947986,Cyclosporine 100 MG Oral Capsule [SANDIMMUN NEORAL],Drug,MAPS_TO,,Finn Fassbender,1741018484979,
1000596,Metoprolol Tartrat Tbl 10 mg,-1,,0.60,APPROVED,EQUAL,Finn Fassbender,1741016988717,40167202,metoprolol tartrate 100 MG Oral Tablet,Drug,MAPS_TO,,Finn Fassbender,1741016988286,
1000492,Inderal Tbl 10 mg,-1,,0.46,APPROVED,EQUAL,Finn Fassbender,1741024549422,40163313,propranolol hydrochloride 10 MG Oral Tablet [Inderal],Drug,MAPS_TO,,<auto>,1741014624047,
1000390,Rifater Drg 50 mg,-1,,0.34,UNCHECKED,UNREVIEWED,,0,0,Unmapped,,MAPS_TO,,,0,
1000406,Madopar LIQ 125 mg Tbl,-1,,0.42,APPROVED,EQUAL,Finn Fassbender,1741024073580,21141945,Benserazide 25 MG / Levodopa 100 MG Oral Tablet [Madopar],Drug,MAPS_TO,,Finn Fassbender,1741024026778,
1000256,Aspirin Tbl 100 mg,-1,,0.54,APPROVED,EQUAL,Finn Fassbender,1741015317984,1113143,aspirin 100 MG Oral Tablet,Drug,MAPS_TO,,Finn Fassbender,1741015317566,
1000650,Adrenalin 100 µg/ml Perfusor,-1,,0.31,APPROVED,EQUIVALENT,Finn Fassbender,1741020753357,1344052,epinephrine 0.1 MG/ML,Drug,MAPS_TO,,Finn Fassbender,1741020752764,
1001074,Quetiapin Tbl 25 mg,-1,,0.64,APPROVED,EQUAL,Finn Fassbender,1741016394801,766820,quetiapine 25 MG Oral Tablet,Drug,MAPS_TO,,Finn Fassbender,1741016393567,
1000622,Ampho-Moronal Susp,-1,,0.38,APPROVED,EQUAL,Finn Fassbender,1741015119424,40833382,Amphotericin B Oral Solution [Ampho Moronal],Drug,MAPS_TO,,Finn Fassbender,1741015118840,
1000276,ATG Fresenius 100mg/5 ml,-1,,0.33,APPROVED,EQUAL,Finn Fassbender,1741015345395,41354131,5 ML Horse antihuman thymocyte gamma globulin 20 MG/ML Injectable Solution [Atg Fresenius],Drug,MAPS_TO,,Finn Fassbender,1741015344092,
1000382,Hydrocodon  Inj Lsg 15mg/ ml,-1,,0.30,APPROVED,EQUAL,Finn Fassbender,1741020041953,19104407,hydrocodone 15 MG/ML Injectable Solution,Drug,MAPS_TO,,Finn Fassbender,1741020041397,
1000797,Rimactan Kps 300 mg,-1,,0.39,APPROVED,EQUAL,Finn Fassbender,1741024686674,19006753,rifampin 300 MG Oral Capsule [Rimactane],Drug,MAPS_TO,,<auto>,1741014625561,
1000293,Lopirin Tabl 12.5 mg,-1,,0.65,APPROVED,EQUAL,Finn Fassbender,1741016250356,41223492,Captopril 12.5 MG Oral Tablet [Lopirin],Drug,MAPS_TO,,Finn Fassbender,1741016245349,
1000493,Inderal Tbl 40 mg,-1,,0.55,APPROVED,EQUAL,Finn Fassbender,1741017564754,40163343,propranolol hydrochloride 40 MG Oral Tablet [Inderal],Drug,MAPS_TO,,<auto>,1741014625822,
1000263,Actilyse,-1,,0.58,APPROVED,EQUAL,Finn Fassbender,1741014820464,40220959,alteplase Injection,Drug,MAPS_TO,,Finn Fassbender,1741014805243,
1000313,Sandimmun Neoral Kps 25 mg,-1,,0.51,APPROVED,EQUAL,Finn Fassbender,1741018350991,42948039,Cyclosporine 25 MG Oral Capsule [SANDIMMUN NEORAL],Drug,MAPS_TO,,Finn Fassbender,1741018350567,
1000504,Rapamune Tbl 1mg,-1,,0.41,UNCHECKED,UNREVIEWED,,0,0,Unmapped,,MAPS_TO,,,0,
1000257,Aspirin Tbl 500 mg,-1,,0.54,APPROVED,EQUAL,Finn Fassbender,1741015323029,1112896,aspirin 500 MG Oral Tablet,Drug,MAPS_TO,,Finn Fassbender,1741015322517,
181,Metronidazole inf 500 mg/100ml,-1,,0.52,APPROVED,EQUAL,Finn Fassbender,1741018260085,1707348,100 ML metronidazole 5 MG/ML Injection,Drug,MAPS_TO,,Finn Fassbender,1741018259500,
1000649,Adrenalin 20 µg/ml Perfusor,-1,,0.31,APPROVED,EQUIVALENT,Finn Fassbender,1741020779082,19085547,epinephrine 0.02 MG/ML,Drug,MAPS_TO,,Finn Fassbender,1741020778106,
1000356,Anexate 0.5mg/ 5 ml,-1,,0.32,APPROVED,EQUAL,Finn Fassbender,1741015199320,43291546,5 ML Flumazenil 0.1 MG/ML Injection [Anexate],Drug,MAPS_TO,,Finn Fassbender,1741015198795,
351,Rimactan Kps 600 mg,-1,,0.32,APPROVED,EQUAL,Finn Fassbender,1741024686674,41058996,Rifampin 600 MG Oral Tablet [Rimactane],Drug,MAPS_TO,,Finn Fassbender,1741024680565,
1000840,Actilyse Amp.20mg  Lsg.,-1,,0.18,APPROVED,EQUAL,Finn Fassbender,1741014821777,40740606,alteplase 20 MG [Actilyse],Drug,MAPS_TO,,<auto>,1741014626775,
1001102,Aggrastat Inf Lsg,-1,,0.47,APPROVED,EQUAL,Finn Fassbender,1741014878492,35604303,tirofiban Injection [Aggrastat],Drug,MAPS_TO,,Finn Fassbender,1741014870769,
204,Rapifen inj 0.5 mg/ml,-1,,0.40,UNCHECKED,UNREVIEWED,,0,0,Unmapped,,MAPS_TO,,,0,
15,Insulin Actrapid inj 100 U/ml,-1,,0.36,APPROVED,EQUAL,Finn Fassbender,1741024510326,36261618,insulin detemir 100 UNT/ML [Actrapid],Drug,MAPS_TO,,<auto>,1741014627519,
1000255,Aspirin cardio Tbl 300 mg,-1,,0.47,APPROVED,EQUAL,Finn Fassbender,1741015311958,1112923,aspirin 300 MG Oral Tablet,Drug,MAPS_TO,,Finn Fassbender,1741015310614,
1000312,Sandimmun Neoral Kps 50 mg,-1,,0.47,APPROVED,EQUAL,Finn Fassbender,1741020598191,19010488,cyclosporine 50 MG Oral Capsule [Sandimmune],Drug,MAPS_TO,,Finn Fassbender,1741020597185,
1000823,Actilyse Amp.50mg Lsg,-1,,0.23,APPROVED,EQUAL,Finn Fassbender,1741014822182,40740601,alteplase 50 MG [Actilyse],Drug,MAPS_TO,,<auto>,1741014627674,
186,Rimactan inf 300 mg,-1,,0.51,APPROVED,EQUAL,Finn Fassbender,1741018465303,19116125,rifampin 300 MG [Rimactane],Drug,MAPS_TO,,Finn Fassbender,1741018464742,
300,Metronidazole tabl 200 mg,-1,,0.83,APPROVED,EQUAL,Finn Fassbender,1741015734077,1707170,metronidazole 200 MG Oral Tablet,Drug,MAPS_TO,,Finn Fassbender,1741015733536,
1000381,Insulin Insulatard HM,-1,,0.58,APPROVED,EQUAL,Finn Fassbender,1741017145508,42937040,"Regular Insulin, Human Injectable Suspension [INSULATARD HM]",Drug,MAPS_TO,,<auto>,1741014628347,
1000285,Akineton Inj Lsg 5 mg/ml,-1,,0.38,APPROVED,EQUAL,Finn Fassbender,1741015007006,43656933,Biperiden 5 MG/ML Injectable Solution [Akineton],Drug,MAPS_TO,,Finn Fassbender,1741015005827,
1000404,Refludan Trockensubst 50 mg,-1,,0.54,APPROVED,EQUAL,Finn Fassbender,1741017823634,21082680,lepirudin 50 MG [Refludan],Drug,MAPS_TO,,Finn Fassbender,1741017822905,
1000070,Mg-Sulfat conc,-1,,0.40,APPROVED,EQUAL,Finn Fassbender,1744825527783,19093848,magnesium sulfate,Drug,MAPS_TO,,Finn Fassbender,1744825527172,
1000253,Aspégic Inj Lsg 500 mg/5ml,-1,,0.24,APPROVED,EQUAL,Finn Fassbender,1741015299403,36279231,5 ML Aspirin 100 MG/ML Injectable Solution [Aspegic],Drug,MAPS_TO,,Finn Fassbender,1741015298979,
1000963,Insulin Lantus,-1,,0.55,APPROVED,EQUAL,Finn Fassbender,1741017551188,40051348,insulin glargine Injectable Solution [Lantus],Drug,MAPS_TO,,Finn Fassbender,1741017547768,
1000457,Adalat retard CR Tbl 30 mg,-1,,0.36,APPROVED,EQUAL,Finn Fassbender,1741014826049,19117606,nifedipine 10 MG [Adalat Retard 10],Drug,MAPS_TO,,<auto>,1741014629156,
1000314,Sandimmun Neoral Trinklsg 100 mg,-1,,0.46,APPROVED,EQUAL,Finn Fassbender,1741020630624,42948046,Cyclosporine 100 MG/ML Oral Solution [SANDIMMUN NEORAL],Drug,MAPS_TO,,Finn Fassbender,1741020629564,
1000505,Aldactone Filmtbl 100 mg,-1,,0.52,APPROVED,EQUAL,Finn Fassbender,1741015010248,19023865,spironolactone 100 MG Oral Tablet [Aldactone],Drug,MAPS_TO,,<auto>,1741014630147,
1000379,Insulin Mixtard 30 HM,-1,,0.66,APPROVED,EQUAL,Finn Fassbender,1741016232997,42937041,"Regular Insulin, Human Injectable Suspension [MIXTARD 30 HM]",Drug,MAPS_TO,,Finn Fassbender,1741016232341,
1000477,Regitin Inj Lsg 10 mg/ml,-1,,0.27,UNCHECKED,UNREVIEWED,,0,0,Unmapped,,MAPS_TO,,,0,
1000876,Adalat retard Tbl 20 mg,-1,,0.44,APPROVED,EQUAL,Finn Fassbender,1741014826709,19117602,nifedipine 20 MG [Adalat Retard 20],Drug,MAPS_TO,,<auto>,1741014630528,
1000269,Saroten ret Kps 25 mg,-1,,0.30,UNCHECKED,UNREVIEWED,,0,0,Unmapped,,MAPS_TO,,,0,
1000724,Insulin NovoRapid,-1,,0.64,APPROVED,EQUAL,Finn Fassbender,1741016387110,42615054,insulin aspart Injection [NovoRapid],Drug,MAPS_TO,,<auto>,1741014631080,
11,Atropine Sulfat Sintetica inj 0.5 mg/ml,-1,,0.56,APPROVED,EQUAL,Finn Fassbender,1741015368646,40243420,atropine sulfate 0.5 MG/ML Injectable Solution,Drug,MAPS_TO,,Finn Fassbender,1741015368615,
1000600,Remeron Tbl 30 mg,-1,,0.47,APPROVED,EQUAL,Finn Fassbender,1744823212906,725173,mirtazapine 30 MG Oral Tablet [Remeron],Drug,MAPS_TO,,<auto>,1741014631473,
1000506,Aldactone Filmtbl 25 mg,-1,,0.53,APPROVED,EQUAL,Finn Fassbender,1741015010726,19023830,spironolactone 25 MG Oral Tablet [Aldactone],Drug,MAPS_TO,,<auto>,1741014631526,
71,Adrenalin  1mg/ml,-1,,0.31,APPROVED,EQUIVALENT,Finn Fassbender,1741020764643,1344056,epinephrine 1 MG/ML,Drug,MAPS_TO,,Finn Fassbender,1741020764235,
1000976,Seresta 15 mg,-1,,0.49,APPROVED,EQUAL,Finn Fassbender,1741018963935,19019484,oxazepam 15 MG Oral Tablet,Drug,MAPS_TO,,Finn Fassbender,1741018963106,
1000814,Intratect 10g Inf Lsg,-1,,0.18,APPROVED,EQUIVALENT,Finn Fassbender,1741024452166,41422050,100 ML Immunoglobulin G 100 MG/ML Injectable Solution [Intratect],Drug,MAPS_TO,,Finn Fassbender,1741024449988,
1000877,Aldactone Filmtbl 50,-1,,0.49,APPROVED,EQUAL,Finn Fassbender,1741015011901,19023827,spironolactone 50 MG Oral Tablet [Aldactone],Drug,MAPS_TO,,<auto>,1741014632411,
1000974,Seretide 250 Disk,-1,,0.36,UNCHECKED,UNREVIEWED,,0,0,Unmapped,,MAPS_TO,,,0,
1000388,Atrovent Inhal Lsg 0.25 mg/2ml,-1,,0.32,APPROVED,EQUAL,Finn Fassbender,1741015408330,43838434,Ipratropium 0.125 MG/ML Inhalant Solution [Atrovent],Drug,MAPS_TO,,Finn Fassbender,1741015407353,
1001041,Intratect10% Inf Lsg  5 g/50 ml,-1,,0.29,APPROVED,EQUAL,Finn Fassbender,1741024491975,41391079,50 ML Immunoglobulin G 100 MG/ML Injectable Solution [Intratect],Drug,MAPS_TO,,Finn Fassbender,1741024420376,
1000316,Seropram Tbl 20 mg,-1,,0.34,UNCHECKED,UNREVIEWED,,0,0,Unmapped,,MAPS_TO,,,0,
1000389,Atrovent N Dosieraerosol,-1,,0.32,APPROVED,EQUAL,Finn Fassbender,1741015428872,40143215,ipratropium Metered Dose Inhaler [Atrovent],Drug,MAPS_TO,,Finn Fassbender,1741015428173,
1000274,Augmentin 1.2 Inj Lsg,-1,,0.32,APPROVED,EQUAL,Finn Fassbender,1741019151291,36406094,Amoxicillin 1000 MG / Clavulanate 200 MG Injectable Solution [Augmentin],Drug,MAPS_TO,,Finn Fassbender,1741019150903,
